Date,Time,TimeZone,MarketCode,MarketName,Network,Station,ProgramAired,RealRealAdType,CreativeID,CreativeName,CreativeLength,Spend
1/25/20,1:59 AM,Local,538,"Rochester, NY",WOFWD,WROC,PAID PROGRAM                  ,Syndication,RRFALL15WFH,TRR_15_TVC_FALL_HERO,15,0
1/25/20,2:01 AM,Local,563,Grand Rapids-Kalamazoo-Battle,WOFWD,WWMT,PAID PROGRAM                  ,Syndication,RRFALL15WFH,TRR_15_TVC_FALL_HERO,15,0
1/25/20,2:04 AM,Local,567,Greenville-Spartanburg-Ashevil,WOFWD,WLOS,LIFE IN THE CAROLINAS         ,Syndication,RRFALL15WFH,TRR_15_TVC_FALL_HERO,15,0
1/25/20,2:57 AM,Local,758,Idaho Falls-Pocatello,WOFWD,KPVI,WHEEL OF FORTUNE              ,Syndication,RRFALL15WFH,TRR_15_TVC_FALL_HERO,15,0
1/25/20,2:58 AM,Local,651,Lubbock,WOFWD,KCBD,1ST LOOK                      ,Syndication,RRFALL15WFH,TRR_15_TVC_FALL_HERO,15,0
1/25/20,10:27 AM,Local,810,Yakima-Pasco-Richland-Kennewic,WOFWD,KNDO,TO BE ANNOUNCED               ,Syndication,RRFALL15WFH,TRR_15_TVC_FALL_HERO,15,0
1/25/20,10:27 AM,Local,810,Yakima-Pasco-Richland-Kennewic,WOFWD,KNDU,TO BE ANNOUNCED               ,Syndication,RRFALL15WFH,TRR_15_TVC_FALL_HERO,15,0
1/25/20,4:56 PM,Local,771,Yuma-El Centro,WOFWD,KYMA,WHEEL OF FORTUNE              ,Syndication,RRFALL15WFH,TRR_15_TVC_FALL_HERO,15,0
1/25/20,4:58 PM,Local,881,Spokane,WOFWD,KHQ,JUDGE JUDY                    ,Syndication,RRFALL15WFH,TRR_15_TVC_FALL_HERO,15,0
1/25/20,5:56 PM,Local,634,Amarillo,WOFWD,KVIH,WHEEL OF FORTUNE              ,Syndication,RRFALL15WFH,TRR_15_TVC_FALL_HERO,15,0
1/25/20,6:26 PM,Local,759,Cheyenne-Scottsbluff,WOFWD,KSTF,WHEEL OF FORTUNE              ,Syndication,RRFALL15WFH,TRR_15_TVC_FALL_HERO,15,0
1/25/20,6:26 PM,Local,752,Colorado Springs-Pueblo,WOFWD,KKTV,WHEEL OF FORTUNE              ,Syndication,RRFALL15WFH,TRR_15_TVC_FALL_HERO,15,0
1/25/20,6:26 PM,Local,717,Quincy-Hannibal,WOFWD,KHQA,WHEEL OF FORTUNE              ,Syndication,RRFALL15WFH,TRR_15_TVC_FALL_HERO,15,0
1/25/20,6:26 PM,Local,770,Salt Lake City,WOFWD,KJZZ,WHEEL OF FORTUNE              ,Syndication,RRFALL15WFH,TRR_15_TVC_FALL_HERO,15,0
1/25/20,6:27 PM,Local,759,Cheyenne-Scottsbluff,WOFWD,KGWN,WHEEL OF FORTUNE              ,Syndication,RRFALL15WFH,TRR_15_TVC_FALL_HERO,15,0
1/25/20,6:27 PM,Local,643,Lake Charles,WOFWD,KVHP,MODERN FAMILY                 ,Syndication,RRFALL15WFH,TRR_15_TVC_FALL_HERO,15,0
1/25/20,6:55 PM,Local,623,Dallas-Ft. Worth,WOFWD,KTVT,WHEEL OF FORTUNE              ,Syndication,RRFALL15WFH,TRR_15_TVC_FALL_HERO,15,0
1/25/20,6:55 PM,Local,698,Montgomery-Selma,WOFWD,WAKA,WHEEL OF FORTUNE              ,Syndication,RRFALL15WFH,TRR_15_TVC_FALL_HERO,15,0
1/25/20,6:55 PM,Local,605,Topeka,WOFWD,WIBW,WHEEL OF FORTUNE              ,Syndication,RRFALL15WFH,TRR_15_TVC_FALL_HERO,15,0
1/25/20,6:55 PM,Local,709,Tyler-Longview-Jacksonville,WOFWD,KLTV,WHEEL OF FORTUNE              ,Syndication,RRFALL15WFH,TRR_15_TVC_FALL_HERO,15,0
1/25/20,6:55 PM,Local,709,Tyler-Longview-Jacksonville,WOFWD,KTRE,WHEEL OF FORTUNE              ,Syndication,RRFALL15WFH,TRR_15_TVC_FALL_HERO,15,0
1/25/20,6:56 PM,Local,662,Abilene-Sweetwater,WOFWD,KTAB,WHEEL OF FORTUNE              ,Syndication,RRFALL15WFH,TRR_15_TVC_FALL_HERO,15,0
1/25/20,6:56 PM,Local,790,Albuquerque,WOFWD,KBIM,WHEEL OF FORTUNE              ,Syndication,RRFALL15WFH,TRR_15_TVC_FALL_HERO,15,0
1/25/20,6:56 PM,Local,790,Albuquerque,WOFWD,KREZ,WHEEL OF FORTUNE              ,Syndication,RRFALL15WFH,TRR_15_TVC_FALL_HERO,15,0
1/25/20,6:56 PM,Local,790,Albuquerque,WOFWD,KRQE,WHEEL OF FORTUNE              ,Syndication,RRFALL15WFH,TRR_15_TVC_FALL_HERO,15,0
1/25/20,6:56 PM,Local,634,Amarillo,WOFWD,KVII,WHEEL OF FORTUNE              ,Syndication,RRFALL15WFH,TRR_15_TVC_FALL_HERO,15,0
1/25/20,6:56 PM,Local,716,Baton Rouge,WOFWD,WBRZ,WHEEL OF FORTUNE              ,Syndication,RRFALL15WFH,TRR_15_TVC_FALL_HERO,15,0
1/25/20,6:56 PM,Local,756,Billings-Hardin,WOFWD,KTVQ,WHEEL OF FORTUNE              ,Syndication,RRFALL15WFH,TRR_15_TVC_FALL_HERO,15,0
1/25/20,6:56 PM,Local,746,Biloxi-Gulfport-Pascagoula,WOFWD,WLOX,WHEEL OF FORTUNE              ,Syndication,RRFALL15WFH,TRR_15_TVC_FALL_HERO,15,0
1/25/20,6:56 PM,Local,630,Birmingham,WOFWD,WBMA,WHEEL OF FORTUNE              ,Syndication,RRFALL15WFH,TRR_15_TVC_FALL_HERO,15,0
1/25/20,6:56 PM,Local,757,Boise,WOFWD,KBOI,WHEEL OF FORTUNE              ,Syndication,RRFALL15WFH,TRR_15_TVC_FALL_HERO,15,0
1/25/20,6:56 PM,Local,736,Bowling Green,WOFWD,WBKO,WHEEL OF FORTUNE              ,Syndication,RRFALL15WFH,TRR_15_TVC_FALL_HERO,15,0
1/25/20,6:56 PM,Local,754,Butte-Bozeman,WOFWD,KBZK,WHEEL OF FORTUNE              ,Syndication,RRFALL15WFH,TRR_15_TVC_FALL_HERO,15,0
1/25/20,6:56 PM,Local,754,Butte-Bozeman,WOFWD,KXLF,WHEEL OF FORTUNE              ,Syndication,RRFALL15WFH,TRR_15_TVC_FALL_HERO,15,0
1/25/20,6:56 PM,Local,637,Cedar Rapids-Waterloo-Dubuque,WOFWD,KWWL,WHEEL OF FORTUNE              ,Syndication,RRFALL15WFH,TRR_15_TVC_FALL_HERO,15,0
1/25/20,6:56 PM,Local,604,"Columbia-Jefferson City, MO",WOFWD,KOMU,WHEEL OF FORTUNE              ,Syndication,RRFALL15WFH,TRR_15_TVC_FALL_HERO,15,0
1/25/20,6:56 PM,Local,673,"Columbus-Tupelo, MS",WOFWD,WTVA,WHEEL OF FORTUNE              ,Syndication,RRFALL15WFH,TRR_15_TVC_FALL_HERO,15,0
1/25/20,6:56 PM,Local,600,Corpus Christi,WOFWD,KIII,WHEEL OF FORTUNE              ,Syndication,RRFALL15WFH,TRR_15_TVC_FALL_HERO,15,0
1/25/20,6:56 PM,Local,751,Denver,WOFWD,KDVR,WHEEL OF FORTUNE              ,Syndication,RRFALL15WFH,TRR_15_TVC_FALL_HERO,15,0
1/25/20,6:56 PM,Local,751,Denver,WOFWD,KFCT,WHEEL OF FORTUNE              ,Syndication,RRFALL15WFH,TRR_15_TVC_FALL_HERO,15,0
1/25/20,6:56 PM,Local,679,Des Moines,WOFWD,WHO,WHEEL OF FORTUNE              ,Syndication,RRFALL15WFH,TRR_15_TVC_FALL_HERO,15,0
1/25/20,6:56 PM,Local,606,"Dothan, AL",WOFWD,WTVY,WHEEL OF FORTUNE              ,Syndication,RRFALL15WFH,TRR_15_TVC_FALL_HERO,15,0
1/25/20,6:56 PM,Local,676,Duluth-Superior,WOFWD,KBJR,WHEEL OF FORTUNE              ,Syndication,RRFALL15WFH,TRR_15_TVC_FALL_HERO,15,0
1/25/20,6:56 PM,Local,676,Duluth-Superior,WOFWD,KRII,WHEEL OF FORTUNE              ,Syndication,RRFALL15WFH,TRR_15_TVC_FALL_HERO,15,0
1/25/20,6:56 PM,Local,765,El Paso,WOFWD,KDBC,WHEEL OF FORTUNE              ,Syndication,RRFALL15WFH,TRR_15_TVC_FALL_HERO,15,0
1/25/20,6:56 PM,Local,649,Evansville,WOFWD,WFIE,WHEEL OF FORTUNE              ,Syndication,RRFALL15WFH,TRR_15_TVC_FALL_HERO,15,0
1/25/20,6:56 PM,Local,724,Fargo,WOFWD,KVLY,WHEEL OF FORTUNE              ,Syndication,RRFALL15WFH,TRR_15_TVC_FALL_HERO,15,0
1/25/20,6:56 PM,Local,670,Ft. Smith,WOFWD,KFSM,WHEEL OF FORTUNE              ,Syndication,RRFALL15WFH,TRR_15_TVC_FALL_HERO,15,0
1/25/20,6:56 PM,Local,821,"Great Bend, KS",WOFWD,KSNC,WHEEL OF FORTUNE              ,Syndication,RRFALL15WFH,TRR_15_TVC_FALL_HERO,15,0
1/25/20,6:56 PM,Local,647,Greenwood-Greenville,WOFWD,WXVT,WHEEL OF FORTUNE              ,Syndication,RRFALL15WFH,TRR_15_TVC_FALL_HERO,15,0
1/25/20,6:56 PM,Local,744,Honolulu,WOFWD,KHON,WHEEL OF FORTUNE              ,Syndication,RRFALL15WFH,TRR_15_TVC_FALL_HERO,15,0
1/25/20,6:56 PM,Local,618,Houston,WOFWD,KHOU,WHEEL OF FORTUNE              ,Syndication,RRFALL15WFH,TRR_15_TVC_FALL_HERO,15,0
1/25/20,6:56 PM,Local,718,"Jackson, MS",WOFWD,WAPT,WHEEL OF FORTUNE              ,Syndication,RRFALL15WFH,TRR_15_TVC_FALL_HERO,15,0
1/25/20,6:56 PM,Local,639,"Jackson, TN",WOFWD,WBBJ,WHEEL OF FORTUNE              ,Syndication,RRFALL15WFH,TRR_15_TVC_FALL_HERO,15,0
1/25/20,6:56 PM,Local,734,Jonesboro,WOFWD,KAIT,WHEEL OF FORTUNE              ,Syndication,RRFALL15WFH,TRR_15_TVC_FALL_HERO,15,0
1/25/20,6:56 PM,Local,603,Joplin-Pittsburg,WOFWD,KOAM,WHEEL OF FORTUNE              ,Syndication,RRFALL15WFH,TRR_15_TVC_FALL_HERO,15,0
1/25/20,6:56 PM,Local,616,Kansas City,WOFWD,WDAF,WHEEL OF FORTUNE              ,Syndication,RRFALL15WFH,TRR_15_TVC_FALL_HERO,15,0
1/25/20,6:56 PM,Local,702,La Crosse-Eau Claire,WOFWD,WEAU,WHEEL OF FORTUNE              ,Syndication,RRFALL15WFH,TRR_15_TVC_FALL_HERO,15,0
1/25/20,6:56 PM,Local,710,Hattiesburg-Laurel,WOFWD,WDAM,WHEEL OF FORTUNE              ,Syndication,RRFALL15WFH,TRR_15_TVC_FALL_HERO,15,0
1/25/20,6:56 PM,Local,693,Little Rock,WOFWD,KATV,WHEEL OF FORTUNE              ,Syndication,RRFALL15WFH,TRR_15_TVC_FALL_HERO,15,0
1/25/20,6:56 PM,Local,737,Mankato,WOFWD,KEYC,WHEEL OF FORTUNE              ,Syndication,RRFALL15WFH,TRR_15_TVC_FALL_HERO,15,0
1/25/20,6:56 PM,Local,636,Harlingen-Wslco-Brownsville-Mc,WOFWD,KGBT,WHEEL OF FORTUNE              ,Syndication,RRFALL15WFH,TRR_15_TVC_FALL_HERO,15,0
1/25/20,6:56 PM,Local,640,Memphis,WOFWD,WMC,WHEEL OF FORTUNE              ,Syndication,RRFALL15WFH,TRR_15_TVC_FALL_HERO,15,0
1/25/20,6:56 PM,Local,711,Meridian,WOFWD,WTOK,WHEEL OF FORTUNE              ,Syndication,RRFALL15WFH,TRR_15_TVC_FALL_HERO,15,0
1/25/20,6:56 PM,Local,617,Milwaukee,WOFWD,WDJT,WHEEL OF FORTUNE              ,Syndication,RRFALL15WFH,TRR_15_TVC_FALL_HERO,15,0
1/25/20,6:56 PM,Local,613,Minneapolis-St. Paul,WOFWD,WCCO,WHEEL OF FORTUNE              ,Syndication,RRFALL15WFH,TRR_15_TVC_FALL_HERO,15,0
1/25/20,6:56 PM,Local,628,Monroe-El Dorado,WOFWD,KNOE,WHEEL OF FORTUNE              ,Syndication,RRFALL15WFH,TRR_15_TVC_FALL_HERO,15,0
1/25/20,6:56 PM,Local,659,Nashville,WOFWD,WKRN,WHEEL OF FORTUNE              ,Syndication,RRFALL15WFH,TRR_15_TVC_FALL_HERO,15,0
1/25/20,6:56 PM,Local,622,New Orleans,WOFWD,WVUE,WHEEL OF FORTUNE              ,Syndication,RRFALL15WFH,TRR_15_TVC_FALL_HERO,15,0
1/25/20,6:56 PM,Local,740,North Platte,WOFWD,KNOP,WHEEL OF FORTUNE              ,Syndication,RRFALL15WFH,TRR_15_TVC_FALL_HERO,15,0
1/25/20,6:56 PM,Local,650,Oklahoma City,WOFWD,KOCO,WHEEL OF FORTUNE              ,Syndication,RRFALL15WFH,TRR_15_TVC_FALL_HERO,15,0
1/25/20,6:56 PM,Local,652,Omaha,WOFWD,KETV,WHEEL OF FORTUNE              ,Syndication,RRFALL15WFH,TRR_15_TVC_FALL_HERO,15,0
1/25/20,6:56 PM,Local,631,Ottumwa-Kirksville,WOFWD,KTVO,WHEEL OF FORTUNE              ,Syndication,RRFALL15WFH,TRR_15_TVC_FALL_HERO,15,0
1/25/20,6:56 PM,Local,632,Paducah-Cape Girardeau-Harrisb,WOFWD,WPSD,WHEEL OF FORTUNE              ,Syndication,RRFALL15WFH,TRR_15_TVC_FALL_HERO,15,0
1/25/20,6:56 PM,Local,656,Panama City,WOFWD,WJHG,WHEEL OF FORTUNE              ,Syndication,RRFALL15WFH,TRR_15_TVC_FALL_HERO,15,0
1/25/20,6:56 PM,Local,675,Peoria-Bloomington,WOFWD,WMBD,WHEEL OF FORTUNE              ,Syndication,RRFALL15WFH,TRR_15_TVC_FALL_HERO,15,0
1/25/20,6:56 PM,Local,611,Rochester-Mason City-Austin,WOFWD,KIMT,WHEEL OF FORTUNE              ,Syndication,RRFALL15WFH,TRR_15_TVC_FALL_HERO,15,0
1/25/20,6:56 PM,Local,610,Rockford,WOFWD,WREX,TO BE ANNOUNCED               ,Syndication,RRFALL15WFH,TRR_15_TVC_FALL_HERO,15,0
1/25/20,6:56 PM,Local,661,San Angelo,WOFWD,KLST,WHEEL OF FORTUNE              ,Syndication,RRFALL15WFH,TRR_15_TVC_FALL_HERO,15,0
1/25/20,6:56 PM,Local,641,San Antonio,WOFWD,KENS,WHEEL OF FORTUNE              ,Syndication,RRFALL15WFH,TRR_15_TVC_FALL_HERO,15,0
1/25/20,6:56 PM,Local,624,Sioux City,WOFWD,KMEG,WHEEL OF FORTUNE              ,Syndication,RRFALL15WFH,TRR_15_TVC_FALL_HERO,15,0
1/25/20,6:56 PM,Local,725,Sioux Falls-Mitchell,WOFWD,KPRY,WHEEL OF FORTUNE              ,Syndication,RRFALL15WFH,TRR_15_TVC_FALL_HERO,15,0
1/25/20,6:56 PM,Local,725,Sioux Falls-Mitchell,WOFWD,KSFY,WHEEL OF FORTUNE              ,Syndication,RRFALL15WFH,TRR_15_TVC_FALL_HERO,15,0
1/25/20,6:56 PM,Local,619,"Springfield, MO",WOFWD,KYTV,WHEEL OF FORTUNE              ,Syndication,RRFALL15WFH,TRR_15_TVC_FALL_HERO,15,0
1/25/20,6:56 PM,Local,638,St. Joseph,WOFWD,KQTV,TO BE ANNOUNCED               ,Syndication,RRFALL15WFH,TRR_15_TVC_FALL_HERO,15,0
1/25/20,6:56 PM,Local,678,Wichita-Hutchinson,WOFWD,KSNG,WHEEL OF FORTUNE              ,Syndication,RRFALL15WFH,TRR_15_TVC_FALL_HERO,15,0
1/25/20,6:56 PM,Local,678,Wichita-Hutchinson,WOFWD,KSNW,WHEEL OF FORTUNE              ,Syndication,RRFALL15WFH,TRR_15_TVC_FALL_HERO,15,0
1/25/20,6:56 PM,Local,627,Wichita Falls-Lawton,WOFWD,KAUZ,WHEEL OF FORTUNE              ,Syndication,RRFALL15WFH,TRR_15_TVC_FALL_HERO,15,0
1/25/20,6:56 PM,Local,692,"Beaumont-Port Arthur, TX",WOFWD,KFDM,WHEEL OF FORTUNE              ,Syndication,RRFALL15WFH,TRR_15_TVC_FALL_HERO,15,0
1/25/20,6:57 PM,Local,644,"Alexandria, LA",WOFWD,KALB,WHEEL OF FORTUNE              ,Syndication,RRFALL15WFH,TRR_15_TVC_FALL_HERO,15,0
1/25/20,6:57 PM,Local,657,Sherman-Ada,WOFWD,KTEN,WHEEL OF FORTUNE              ,Syndication,RRFALL15WFH,TRR_15_TVC_FALL_HERO,15,0
1/25/20,6:57 PM,Local,635,Austin,WOFWD,KXAN,WHEEL OF FORTUNE              ,Syndication,RRFALL15WFH,TRR_15_TVC_FALL_HERO,15,0
1/25/20,6:57 PM,Local,682,Davenport-Rock Island-Moline-Q,WOFWD,KWQC,WHEEL OF FORTUNE              ,Syndication,RRFALL15WFH,TRR_15_TVC_FALL_HERO,15,0
1/25/20,6:57 PM,Local,755,Great Falls,WOFWD,KRTV,WHEEL OF FORTUNE              ,Syndication,RRFALL15WFH,TRR_15_TVC_FALL_HERO,15,0
1/25/20,6:57 PM,Local,658,Green Bay-Appleton,WOFWD,WLUK,WHEEL OF FORTUNE              ,Syndication,RRFALL15WFH,TRR_15_TVC_FALL_HERO,15,0
1/25/20,6:57 PM,Local,691,Huntsville-Decatur-Florence,WOFWD,WAFF,WHEEL OF FORTUNE              ,Syndication,RRFALL15WFH,TRR_15_TVC_FALL_HERO,15,0
1/25/20,6:57 PM,Local,642,"Lafayette, LA",WOFWD,KATC,WHEEL OF FORTUNE              ,Syndication,RRFALL15WFH,TRR_15_TVC_FALL_HERO,15,0
1/25/20,6:57 PM,Local,722,Lincoln-Hastings-Kearney,WOFWD,KGIN,PAID PROGRAM                  ,Syndication,RRFALL15WFH,TRR_15_TVC_FALL_HERO,15,0
1/25/20,6:57 PM,Local,722,Lincoln-Hastings-Kearney,WOFWD,KOLN,PAID PROGRAM                  ,Syndication,RRFALL15WFH,TRR_15_TVC_FALL_HERO,15,0
1/25/20,6:57 PM,Local,651,Lubbock,WOFWD,KCBD,WHEEL OF FORTUNE              ,Syndication,RRFALL15WFH,TRR_15_TVC_FALL_HERO,15,0
1/25/20,6:57 PM,Local,687,Minot-Bismarck-Dickinson-Glend,WOFWD,KFYR,WHEEL OF FORTUNE              ,Syndication,RRFALL15WFH,TRR_15_TVC_FALL_HERO,15,0
1/25/20,6:57 PM,Local,687,Minot-Bismarck-Dickinson-Glend,WOFWD,KMOT,WHEEL OF FORTUNE              ,Syndication,RRFALL15WFH,TRR_15_TVC_FALL_HERO,15,0
1/25/20,6:57 PM,Local,687,Minot-Bismarck-Dickinson-Glend,WOFWD,KUMV,WHEEL OF FORTUNE              ,Syndication,RRFALL15WFH,TRR_15_TVC_FALL_HERO,15,0
1/25/20,6:57 PM,Local,762,Missoula,WOFWD,KAJ,WHEEL OF FORTUNE              ,Syndication,RRFALL15WFH,TRR_15_TVC_FALL_HERO,15,0
1/25/20,6:57 PM,Local,686,Mobile-Pensacola,WOFWD,WALA,WHEEL OF FORTUNE              ,Syndication,RRFALL15WFH,TRR_15_TVC_FALL_HERO,15,0
1/25/20,6:57 PM,Local,633,Odessa-Midland,WOFWD,KMID,WHEEL OF FORTUNE              ,Syndication,RRFALL15WFH,TRR_15_TVC_FALL_HERO,15,0
1/25/20,6:57 PM,Local,612,Shreveport-Texarkana,WOFWD,KTAL,WHEEL OF FORTUNE              ,Syndication,RRFALL15WFH,TRR_15_TVC_FALL_HERO,15,0
1/25/20,6:57 PM,Local,648,Champaign & Springfield-Decatu,WOFWD,WAND,WHEEL OF FORTUNE              ,Syndication,RRFALL15WFH,TRR_15_TVC_FALL_HERO,15,0
1/25/20,6:57 PM,Local,625,Waco-Temple-Bryan,WOFWD,KCEN,WHEEL OF FORTUNE              ,Syndication,RRFALL15WFH,TRR_15_TVC_FALL_HERO,15,0
1/25/20,6:57 PM,Local,705,Wausau-Rhinelander,WOFWD,WJFW,WHEEL OF FORTUNE              ,Syndication,RRFALL15WFH,TRR_15_TVC_FALL_HERO,15,0
1/25/20,6:57 PM,Local,678,Wichita-Hutchinson,WOFWD,KSNK,WHEEL OF FORTUNE              ,Syndication,RRFALL15WFH,TRR_15_TVC_FALL_HERO,15,0
1/25/20,7:25 PM,Local,511,"Washington, DC",WOFWD,WJLA,WHEEL OF FORTUNE              ,Syndication,RRFALL15WFH,TRR_15_TVC_FALL_HERO,15,0
1/25/20,7:26 PM,Local,525,"Albany, GA",WOFWD,WSWG,WHEEL OF FORTUNE              ,Syndication,RRFALL15WFH,TRR_15_TVC_FALL_HERO,15,0
1/25/20,7:26 PM,Local,520,Augusta,WOFWD,WRDW,WHEEL OF FORTUNE              ,Syndication,RRFALL15WFH,TRR_15_TVC_FALL_HERO,15,0
1/25/20,7:26 PM,Local,537,Bangor,WOFWD,WVII,TO BE ANNOUNCED               ,Syndication,RRFALL15WFH,TRR_15_TVC_FALL_HERO,15,0
1/25/20,7:26 PM,Local,559,Bluefield-Beckley-Oak Hill,WOFWD,WVNS,WHEEL OF FORTUNE              ,Syndication,RRFALL15WFH,TRR_15_TVC_FALL_HERO,15,0
1/25/20,7:26 PM,Local,502,Binghamton,WOFWD,WIVT,WHEEL OF FORTUNE              ,Syndication,RRFALL15WFH,TRR_15_TVC_FALL_HERO,15,0
1/25/20,7:26 PM,Local,506,Boston,WOFWD,WBZ,WHEEL OF FORTUNE              ,Syndication,RRFALL15WFH,TRR_15_TVC_FALL_HERO,15,0
1/25/20,7:26 PM,Local,575,Chattanooga,WOFWD,WTVC,WHEEL OF FORTUNE              ,Syndication,RRFALL15WFH,TRR_15_TVC_FALL_HERO,15,0
1/25/20,7:26 PM,Local,542,Dayton,WOFWD,WHIO,WHEEL OF FORTUNE              ,Syndication,RRFALL15WFH,TRR_15_TVC_FALL_HERO,15,0
1/25/20,7:26 PM,Local,516,Erie,WOFWD,WSEE,WHEEL OF FORTUNE              ,Syndication,RRFALL15WFH,TRR_15_TVC_FALL_HERO,15,0
1/25/20,7:26 PM,Local,570,"Florence-Myrtle Beach, SC",WOFWD,WBTW,WHEEL OF FORTUNE              ,Syndication,RRFALL15WFH,TRR_15_TVC_FALL_HERO,15,0
1/25/20,7:26 PM,Local,518,Greensboro-Winston-Salem-High,WOFWD,WFMY,WHEEL OF FORTUNE              ,Syndication,RRFALL15WFH,TRR_15_TVC_FALL_HERO,15,0
1/25/20,7:26 PM,Local,545,Greenville-New Bern-Washington,WOFWD,WITN,WHEEL OF FORTUNE              ,Syndication,RRFALL15WFH,TRR_15_TVC_FALL_HERO,15,0
1/25/20,7:26 PM,Local,566,Harrisburg-York-Lancaster-Leba,WOFWD,WHP,WHEEL OF FORTUNE              ,Syndication,RRFALL15WFH,TRR_15_TVC_FALL_HERO,15,0
1/25/20,7:26 PM,Local,527,Indianapolis,WOFWD,WTHR,WHEEL OF FORTUNE              ,Syndication,RRFALL15WFH,TRR_15_TVC_FALL_HERO,15,0
1/25/20,7:26 PM,Local,557,Knoxville,WOFWD,WBIR,WHEEL OF FORTUNE              ,Syndication,RRFALL15WFH,TRR_15_TVC_FALL_HERO,15,0
1/25/20,7:26 PM,Local,582,"Lafayette, IN",WOFWD,WLFI,WHEEL OF FORTUNE              ,Syndication,RRFALL15WFH,TRR_15_TVC_FALL_HERO,15,0
1/25/20,7:26 PM,Local,551,Lansing,WOFWD,WILX,WHEEL OF FORTUNE              ,Syndication,RRFALL15WFH,TRR_15_TVC_FALL_HERO,15,0
1/25/20,7:26 PM,Local,529,Louisville,WOFWD,WLKY,WHEEL OF FORTUNE              ,Syndication,RRFALL15WFH,TRR_15_TVC_FALL_HERO,15,0
1/25/20,7:26 PM,Local,503,Macon,WOFWD,WMAZ,WHEEL OF FORTUNE              ,Syndication,RRFALL15WFH,TRR_15_TVC_FALL_HERO,15,0
1/25/20,7:26 PM,Local,528,Miami-Ft. Lauderdale,WOFWD,WPLG,WHEEL OF FORTUNE              ,Syndication,RRFALL15WFH,TRR_15_TVC_FALL_HERO,15,0
1/25/20,7:26 PM,Local,544,Norfolk-Portsmouth-Newport New,WOFWD,WVEC,WHEEL OF FORTUNE              ,Syndication,RRFALL15WFH,TRR_15_TVC_FALL_HERO,15,0
1/25/20,7:26 PM,Local,597,Parkersburg,WOFWD,WTAP,WHEEL OF FORTUNE              ,Syndication,RRFALL15WFH,TRR_15_TVC_FALL_HERO,15,0
1/25/20,7:26 PM,Local,552,Presque Isle,WOFWD,WAGM,WHEEL OF FORTUNE              ,Syndication,RRFALL15WFH,TRR_15_TVC_FALL_HERO,15,0
1/25/20,7:26 PM,Local,556,Richmond,WOFWD,WRIC,WHEEL OF FORTUNE              ,Syndication,RRFALL15WFH,TRR_15_TVC_FALL_HERO,15,0
1/25/20,7:26 PM,Local,573,Roanoke-Lynchburg,WOFWD,WDBJ,WHEEL OF FORTUNE              ,Syndication,RRFALL15WFH,TRR_15_TVC_FALL_HERO,15,0
1/25/20,7:26 PM,Local,507,Savannah,WOFWD,WSAV,WHEEL OF FORTUNE              ,Syndication,RRFALL15WFH,TRR_15_TVC_FALL_HERO,15,0
1/25/20,7:26 PM,Local,588,South Bend-Elkhart,WOFWD,WSBT,WHEEL OF FORTUNE              ,Syndication,RRFALL15WFH,TRR_15_TVC_FALL_HERO,15,0
1/25/20,7:26 PM,Local,555,Syracuse,WOFWD,WNYS,WHEEL OF FORTUNE              ,Syndication,RRFALL15WFH,TRR_15_TVC_FALL_HERO,15,0
1/25/20,7:26 PM,Local,530,Tallahassee-Thomasville,WOFWD,WCTV,WHEEL OF FORTUNE              ,Syndication,RRFALL15WFH,TRR_15_TVC_FALL_HERO,15,0
1/25/20,7:26 PM,Local,539,Tampa-St. Petersburg,WOFWD,WTSP,WHEEL OF FORTUNE              ,Syndication,RRFALL15WFH,TRR_15_TVC_FALL_HERO,15,0
1/25/20,7:26 PM,Local,547,Toledo,WOFWD,WTOL,WHEEL OF FORTUNE              ,Syndication,RRFALL15WFH,TRR_15_TVC_FALL_HERO,15,0
1/25/20,7:26 PM,Local,540,Traverse City-Cadillac,WOFWD,WPBN,WHEEL OF FORTUNE              ,Syndication,RRFALL15WFH,TRR_15_TVC_FALL_HERO,15,0
1/25/20,7:26 PM,Local,526,Utica,WOFWD,WKTV,WHEEL OF FORTUNE              ,Syndication,RRFALL15WFH,TRR_15_TVC_FALL_HERO,15,0
1/25/20,7:26 PM,Local,548,West Palm Beach-Ft. Pierce-Ver,WOFWD,WPBF,WHEEL OF FORTUNE              ,Syndication,RRFALL15WFH,TRR_15_TVC_FALL_HERO,15,0
1/25/20,7:26 PM,Local,577,Wilkes Barre-Scranton,WOFWD,WBRE,WHEEL OF FORTUNE              ,Syndication,RRFALL15WFH,TRR_15_TVC_FALL_HERO,15,0
1/25/20,7:26 PM,Local,550,Wilmington,WOFWD,WECT,WHEEL OF FORTUNE              ,Syndication,RRFALL15WFH,TRR_15_TVC_FALL_HERO,15,0
1/25/20,7:26 PM,Local,531,"Tri-Cities, TN-VA",WOFWD,WCYB,WHEEL OF FORTUNE              ,Syndication,RRFALL15WFH,TRR_15_TVC_FALL_HERO,15,0
1/25/20,7:27 PM,Local,532,Albany-Schenectady-Troy,WOFWD,WTEN,WHEEL OF FORTUNE              ,Syndication,RRFALL15WFH,TRR_15_TVC_FALL_HERO,15,0
1/25/20,7:27 PM,Local,524,Atlanta,WOFWD,WATL,WHEEL OF FORTUNE              ,Syndication,RRFALL15WFH,TRR_15_TVC_FALL_HERO,15,0
1/25/20,7:27 PM,Local,514,Buffalo,WOFWD,WIVB,WHEEL OF FORTUNE              ,Syndication,RRFALL15WFH,TRR_15_TVC_FALL_HERO,15,0
1/25/20,7:27 PM,Local,564,Charleston-Huntington,WOFWD,WSAZ,WHEEL OF FORTUNE              ,Syndication,RRFALL15WFH,TRR_15_TVC_FALL_HERO,15,0
1/25/20,7:27 PM,Local,584,Charlottesville,WOFWD,WVIR,WHEEL OF FORTUNE              ,Syndication,RRFALL15WFH,TRR_15_TVC_FALL_HERO,15,0
1/25/20,7:27 PM,Local,515,Cincinnati,WOFWD,WXIX,WHEEL OF FORTUNE              ,Syndication,RRFALL15WFH,TRR_15_TVC_FALL_HERO,15,0
1/25/20,7:27 PM,Local,546,"Columbia, SC",WOFWD,WOLO,WHEEL OF FORTUNE              ,Syndication,RRFALL15WFH,TRR_15_TVC_FALL_HERO,15,0
1/25/20,7:27 PM,Local,513,Flint-Saginaw-Bay City,WOFWD,WNEM,WHEEL OF FORTUNE              ,Syndication,RRFALL15WFH,TRR_15_TVC_FALL_HERO,15,0
1/25/20,7:27 PM,Local,571,Ft. Myers-Naples,WOFWD,WBBH,WHEEL OF FORTUNE              ,Syndication,RRFALL15WFH,TRR_15_TVC_FALL_HERO,15,0
1/25/20,7:27 PM,Local,509,Ft. Wayne,WOFWD,WANE,WHEEL OF FORTUNE              ,Syndication,RRFALL15WFH,TRR_15_TVC_FALL_HERO,15,0
1/25/20,7:28 PM,Local,561,Jacksonville,WOFWD,WTLV,WHEEL OF FORTUNE              ,Syndication,RRFALL15WFH,TRR_15_TVC_FALL_HERO,15,0
1/25/20,7:28 PM,Local,753,Phoenix,WOFWD,KTVK,WHEEL OF FORTUNE              ,Syndication,RRFALL15WFH,TRR_15_TVC_FALL_HERO,15,0
1/25/20,7:56 PM,Local,800,Bakersfield,WOFWD,KBAK,WHEEL OF FORTUNE              ,Syndication,RRFALL15WFH,TRR_15_TVC_FALL_HERO,15,0
1/25/20,7:56 PM,Local,517,Charlotte,WOFWD,WCNC,WHEEL OF FORTUNE              ,Syndication,RRFALL15WFH,TRR_15_TVC_FALL_HERO,15,0
1/25/20,7:56 PM,Local,673,"Columbus, GA",WOFWD,WRBL,WHEEL OF FORTUNE              ,Syndication,RRFALL15WFH,TRR_15_TVC_FALL_HERO,15,0
1/25/20,7:56 PM,Local,505,Detroit,WOFWD,WDIV,WHEEL OF FORTUNE              ,Syndication,RRFALL15WFH,TRR_15_TVC_FALL_HERO,15,0
1/25/20,7:56 PM,Local,801,Eugene,WOFWD,KPIC,WHEEL OF FORTUNE              ,Syndication,RRFALL15WFH,TRR_15_TVC_FALL_HERO,15,0
1/25/20,7:56 PM,Local,533,Hartford-New Haven,WOFWD,WTNH,WHEEL OF FORTUNE              ,Syndication,RRFALL15WFH,TRR_15_TVC_FALL_HERO,15,0
1/25/20,7:56 PM,Local,574,Johnstown-Altoona,WOFWD,WATM,WHEEL OF FORTUNE              ,Syndication,RRFALL15WFH,TRR_15_TVC_FALL_HERO,15,0
1/25/20,7:56 PM,Local,839,Las Vegas,WOFWD,KLAS,WHEEL OF FORTUNE              ,Syndication,RRFALL15WFH,TRR_15_TVC_FALL_HERO,15,0
1/25/20,7:56 PM,Local,501,New York,WOFWD,WABC,WHEEL OF FORTUNE              ,Syndication,RRFALL15WFH,TRR_15_TVC_FALL_HERO,15,2975
1/25/20,7:56 PM,Local,534,Orlando-Daytona Beach-Melbourn,WOFWD,WFTV,WHEEL OF FORTUNE              ,Syndication,RRFALL15WFH,TRR_15_TVC_FALL_HERO,15,0
1/25/20,7:56 PM,Local,504,Philadelphia,WOFWD,WPVI,WHEEL OF FORTUNE              ,Syndication,RRFALL15WFH,TRR_15_TVC_FALL_HERO,15,0
1/25/20,7:56 PM,Local,560,Raleigh-Durham,WOFWD,WTVD,WHEEL OF FORTUNE              ,Syndication,RRFALL15WFH,TRR_15_TVC_FALL_HERO,15,0
1/25/20,7:56 PM,Local,549,Watertown-Carthage,WOFWD,WWNY,WHEEL OF FORTUNE              ,Syndication,RRFALL15WFH,TRR_15_TVC_FALL_HERO,15,0
1/25/20,7:56 PM,Local,554,Wheeling-Steubenville,WOFWD,WTOV,WHEEL OF FORTUNE              ,Syndication,RRFALL15WFH,TRR_15_TVC_FALL_HERO,15,0
1/25/20,7:57 PM,Local,583,Alpena,WOFWD,WBKB,WHEEL OF FORTUNE              ,Syndication,RRFALL15WFH,TRR_15_TVC_FALL_HERO,15,0
1/25/20,7:57 PM,Local,523,Burlington-Plattsburgh,WOFWD,WPTZ,WHEEL OF FORTUNE              ,Syndication,RRFALL15WFH,TRR_15_TVC_FALL_HERO,15,0
1/25/20,7:57 PM,Local,598,Clarksburg-Weston,WOFWD,WBOY,WHEEL OF FORTUNE              ,Syndication,RRFALL15WFH,TRR_15_TVC_FALL_HERO,15,0
1/25/20,7:57 PM,Local,801,Eugene,WOFWD,KCBY,WHEEL OF FORTUNE              ,Syndication,RRFALL15WFH,TRR_15_TVC_FALL_HERO,15,0
1/25/20,7:57 PM,Local,801,Eugene,WOFWD,KVAL,WHEEL OF FORTUNE              ,Syndication,RRFALL15WFH,TRR_15_TVC_FALL_HERO,15,0
1/25/20,7:57 PM,Local,553,Marquette,WOFWD,WLUC,WHEEL OF FORTUNE              ,Syndication,RRFALL15WFH,TRR_15_TVC_FALL_HERO,15,0
1/25/20,7:57 PM,Local,581,Terre Haute,WOFWD,WTWO,WHEEL OF FORTUNE              ,Syndication,RRFALL15WFH,TRR_15_TVC_FALL_HERO,15,0
1/25/20,8:26 PM,Local,868,Chico-Redding,WOFWD,KNVN,WHEEL OF FORTUNE              ,Syndication,RRFALL15WFH,TRR_15_TVC_FALL_HERO,15,0
1/25/20,8:26 PM,Local,802,Eureka,WOFWD,KAEF,WHEEL OF FORTUNE              ,Syndication,RRFALL15WFH,TRR_15_TVC_FALL_HERO,15,0
1/25/20,8:26 PM,Local,828,Monterey-Salinas,WOFWD,KSBW,WHEEL OF FORTUNE              ,Syndication,RRFALL15WFH,TRR_15_TVC_FALL_HERO,15,0
1/25/20,8:56 PM,Local,743,Anchorage,WOFWD,KYUR,WHEEL OF FORTUNE              ,Syndication,RRFALL15WFH,TRR_15_TVC_FALL_HERO,15,0
1/25/20,8:56 PM,Local,745,Fairbanks,WOFWD,KATN,WHEEL OF FORTUNE              ,Syndication,RRFALL15WFH,TRR_15_TVC_FALL_HERO,15,0
1/25/20,9:26 PM,Local,820,"Portland, OR",WOFWD,KATU,NBA BASKETBALL                ,Syndication,RRFALL15WFH,TRR_15_TVC_FALL_HERO,15,0
1/25/20,9:26 PM,Local,764,Rapid City,WOFWD,KHSD,WHEEL OF FORTUNE              ,Syndication,RRFALL15WFH,TRR_15_TVC_FALL_HERO,15,0
1/25/20,9:26 PM,Local,764,Rapid City,WOFWD,KOTA,WHEEL OF FORTUNE              ,Syndication,RRFALL15WFH,TRR_15_TVC_FALL_HERO,15,0
1/25/20,9:26 PM,Local,764,Rapid City,WOFWD,KSGW,WHEEL OF FORTUNE              ,Syndication,RRFALL15WFH,TRR_15_TVC_FALL_HERO,15,0
1/25/20,9:28 PM,Local,803,Los Angeles,WOFWD,KABC,WHEEL OF FORTUNE              ,Syndication,RRFALL15WFH,TRR_15_TVC_FALL_HERO,15,0
1/25/20,9:32 PM,Local,819,Seattle-Tacoma,WOFWD,KOMO,JEOPARDY!                     ,Syndication,RRFALL15WFH,TRR_15_TVC_FALL_HERO,15,0
1/25/20,9:55 PM,Local,813,Medford,WOFWD,KDKF,WHEEL OF FORTUNE              ,Syndication,RRFALL15WFH,TRR_15_TVC_FALL_HERO,15,0
1/25/20,9:55 PM,Local,813,Medford,WOFWD,KDRV,WHEEL OF FORTUNE              ,Syndication,RRFALL15WFH,TRR_15_TVC_FALL_HERO,15,0
1/25/20,9:56 PM,Local,811,Reno,WOFWD,KOLO,TO BE ANNOUNCED               ,Syndication,RRFALL15WFH,TRR_15_TVC_FALL_HERO,15,0
1/25/20,9:56 PM,Local,807,San Francisco-Oakland-San Jose,WOFWD,KGO,WHEEL OF FORTUNE              ,Syndication,RRFALL15WFH,TRR_15_TVC_FALL_HERO,15,0
1/25/20,9:57 PM,Local,866,Fresno-Visalia,WOFWD,KFSN,WHEEL OF FORTUNE              ,Syndication,RRFALL15WFH,TRR_15_TVC_FALL_HERO,15,0
1/25/20,9:57 PM,Local,862,Sacramento-Stockton,WOFWD,KXTV,TO BE ANNOUNCED               ,Syndication,RRFALL15WFH,TRR_15_TVC_FALL_HERO,15,0
1/25/20,9:58 PM,Local,789,Tucson,WOFWD,KGUN,WHEEL OF FORTUNE              ,Syndication,RRFALL15WFH,TRR_15_TVC_FALL_HERO,15,0
1/20/20,1:23 AM,Local,501,New York,ITN,WWOR,Live PD Police,Syndication,RRFALL30ITNH,TRR_30_TVC_FALL_HERO,30,0
1/20/20,1:59 AM,Local,501,New York,ITN,WWOR,Live PD Police,Syndication,RRFALL30ITNH,TRR_30_TVC_FALL_HERO,30,0
1/20/20,1:11 AM,Local,602,Chicago,ITN,WCIU,Game,Syndication,RRFALL30ITNH,TRR_30_TVC_FALL_HERO,30,49.52
1/20/20,1:27 AM,Local,602,Chicago,ITN,WWME,Mannix,Syndication,RRFALL30ITNH,TRR_30_TVC_FALL_HERO,30,16.51
1/20/20,1:44 AM,Local,504,Philadelphia,ITN,KYW,Comics,Syndication,RRFALL30ITNH,TRR_30_TVC_FALL_HERO,30,82.54
1/20/20,12:53 AM,Local,504,Philadelphia,ITN,WPSG,Bobs Burgers,Syndication,RRFALL30ITNH,TRR_30_TVC_FALL_HERO,30,33.01
1/20/20,1:02 AM,Local,623,Dallas-Ft. Worth,ITN,KTVT,CBS 11 News,Syndication,RRFALL30ITNH,TRR_30_TVC_FALL_HERO,30,0
1/20/20,1:41 AM,Local,623,Dallas-Ft. Worth,ITN,KTXA,Comics,Syndication,RRFALL30ITNH,TRR_30_TVC_FALL_HERO,30,99.04
1/20/20,1:20 AM,Local,807,San Francisco-Oak-San J,ITN,KBCW,Bobs Burgers,Syndication,RRFALL30ITNH,TRR_30_TVC_FALL_HERO,30,33.01
1/20/20,1:16 AM,Local,807,San Francisco-Oak-San J,ITN,KOFY,Live PD Police,Syndication,RRFALL30ITNH,TRR_30_TVC_FALL_HERO,30,0
1/20/20,1:44 AM,Local,511,"Washington, DC (Hagrstw",ITN,WDCW,DailyMailTV,Syndication,RRFALL30ITNH,TRR_30_TVC_FALL_HERO,30,49.52
1/20/20,12:44 AM,Local,618,Houston,ITN,KUBE,Impractical,Syndication,RRFALL30ITNH,TRR_30_TVC_FALL_HERO,30,0
1/20/20,1:34 AM,Local,506,Boston (Manchester),ITN,WFXT,Boston 25 News,Syndication,RRFALL30ITNH,TRR_30_TVC_FALL_HERO,30,66.03
1/20/20,1:53 AM,Local,524,Atlanta,ITN,WAGA,Fox 5 News 1000,Syndication,RRFALL30ITNH,TRR_30_TVC_FALL_HERO,30,0
1/20/20,1:10 AM,Local,753,Phoenix,ITN,KAZT,Cops,Syndication,RRFALL30ITNH,TRR_30_TVC_FALL_HERO,30,0
1/20/20,1:44 AM,Local,539,Tampa-St. Pete (Sarasot,ITN,WTTA,ForensicFiles,Syndication,RRFALL30ITNH,TRR_30_TVC_FALL_HERO,30,0
1/20/20,11:15 PM,Local,505,Detroit,ITN,WADL,Bobs Burgers,Syndication,RRFALL30ITNH,TRR_30_TVC_FALL_HERO,30,66.03
1/20/20,11:51 PM,Local,505,Detroit,ITN,WADL,Bobs Burgers,Syndication,RRFALL30ITNH,TRR_30_TVC_FALL_HERO,30,66.03
1/20/20,12:50 AM,Local,613,Minneapolis-St. Paul,ITN,WFTC,25 Words Or Les,Syndication,RRFALL30ITNH,TRR_30_TVC_FALL_HERO,30,16.51
1/20/20,1:22 AM,Local,528,Miami-Ft. Lauderdale,ITN,WBFS,Bobs Burgers,Syndication,RRFALL30ITNH,TRR_30_TVC_FALL_HERO,30,33.01
1/20/20,1:32 AM,Local,534,Orlando-Daytona Bch-Mel,ITN,WOFL,FOX 35 News,Syndication,RRFALL30ITNH,TRR_30_TVC_FALL_HERO,30,33.01
1/20/20,1:24 AM,Local,510,Cleveland,ITN,WOIO,Late Late Show,Syndication,RRFALL30ITNH,TRR_30_TVC_FALL_HERO,30,16.51
1/20/20,1:10 AM,Local,517,Charlotte,ITN,WAXN,Live PD Police,Syndication,RRFALL30ITNH,TRR_30_TVC_FALL_HERO,30,0
1/20/20,9:41 PM,Local,609,St. Louis,ITN,KTVI,FOX 2 News,Syndication,RRFALL30ITNH,TRR_30_TVC_FALL_HERO,30,148.56
1/20/20,12:59 AM,Local,527,Indianapolis,ITN,WNDY,Live PD Police,Syndication,RRFALL30ITNH,TRR_30_TVC_FALL_HERO,30,16.51
1/20/20,1:40 AM,Local,512,Baltimore,ITN,EBFF,Goldbergs,Syndication,RRFALL30ITNH,TRR_30_TVC_FALL_HERO,30,33.01
1/20/20,11:29 PM,Local,512,Baltimore,ITN,WMAR,WMAR2 News 11PM,Syndication,RRFALL30ITNH,TRR_30_TVC_FALL_HERO,30,99.04
1/20/20,1:45 AM,Local,560,Raleigh-Durham (Fayetvl,ITN,WRDC,Bobs Burgers,Syndication,RRFALL30ITNH,TRR_30_TVC_FALL_HERO,30,16.51
1/20/20,11:53 PM,Local,659,Nashville,ITN,WUXP,FOX17 News Nine,Syndication,RRFALL30ITNH,TRR_30_TVC_FALL_HERO,30,16.51
1/20/20,9:39 PM,Local,616,Kansas City,ITN,KCWE,KMBC 9 News,Syndication,RRFALL30ITNH,TRR_30_TVC_FALL_HERO,30,33.01
1/20/20,12:58 AM,Local,616,Kansas City,ITN,KCWE,Celebrity Page,Syndication,RRFALL30ITNH,TRR_30_TVC_FALL_HERO,30,0
1/20/20,12:11 AM,Local,533,Hartford & New Haven,ITN,WCTX,Dateline,Syndication,RRFALL30ITNH,TRR_30_TVC_FALL_HERO,30,0
1/20/20,1:07 AM,Local,535,"Columbus, OH",ITN,WWHO,Dateline,Syndication,RRFALL30ITNH,TRR_30_TVC_FALL_HERO,30,0
1/20/20,1:59 AM,Local,515,Cincinnati,ITN,WCPO,Wendy Williams,Syndication,RRFALL30ITNH,TRR_30_TVC_FALL_HERO,30,16.51
1/20/20,1:43 AM,Local,515,Cincinnati,ITN,WSTR,Live PD Police,Syndication,RRFALL30ITNH,TRR_30_TVC_FALL_HERO,30,16.51
1/20/20,1:53 AM,Local,515,Cincinnati,ITN,WXIX,Friends,Syndication,RRFALL30ITNH,TRR_30_TVC_FALL_HERO,30,33.01
1/20/20,10:20 PM,Local,561,"Jacksonville, Brunswick",ITN,WCWJ,Dateline,Syndication,RRFALL30ITNH,TRR_30_TVC_FALL_HERO,30,49.52
1/20/20,12:17 AM,Local,544,Norfolk-Portsmth-Newpt,ITN,WSKY,Impractical,Syndication,RRFALL30ITNH,TRR_30_TVC_FALL_HERO,30,0
1/20/20,1:09 AM,Local,650,Oklahoma City,ITN,KAUT,Caught,Syndication,RRFALL30ITNH,TRR_30_TVC_FALL_HERO,30,33.01
1/20/20,1:44 AM,Local,650,Oklahoma City,ITN,KAUT,Americas Court,Syndication,RRFALL30ITNH,TRR_30_TVC_FALL_HERO,30,16.51
1/20/20,1:46 AM,Local,650,Oklahoma City,ITN,KOCB,Mike & Molly,Syndication,RRFALL30ITNH,TRR_30_TVC_FALL_HERO,30,16.51
1/20/20,1:43 AM,Local,566,Harrisburg-Lncstr-Leb-Y,ITN,WPMT,DailyMailTV,Syndication,RRFALL30ITNH,TRR_30_TVC_FALL_HERO,30,16.51
1/20/20,11:56 PM,Local,518,Greensboro-H.Point-W.Sa,ITN,WCWG,How I Met Your,Syndication,RRFALL30ITNH,TRR_30_TVC_FALL_HERO,30,16.51
1/20/20,12:29 AM,Local,518,Greensboro-H.Point-W.Sa,ITN,WCWG,King of Queens,Syndication,RRFALL30ITNH,TRR_30_TVC_FALL_HERO,30,0
1/20/20,1:36 AM,Local,518,Greensboro-H.Point-W.Sa,ITN,WFMY,Late Late Show,Syndication,RRFALL30ITNH,TRR_30_TVC_FALL_HERO,30,16.51
1/20/20,12:11 AM,Local,518,Greensboro-H.Point-W.Sa,ITN,WMYV,2 Broke Girls,Syndication,RRFALL30ITNH,TRR_30_TVC_FALL_HERO,30,16.51
1/20/20,1:17 AM,Local,622,New Orleans,ITN,WUPL,Chicago PD,Syndication,RRFALL30ITNH,TRR_30_TVC_FALL_HERO,30,16.51
1/20/20,12:02 AM,Local,640,Memphis,ITN,WATN,Nightline,Syndication,RRFALL30ITNH,TRR_30_TVC_FALL_HERO,30,16.51
1/20/20,1:08 AM,Local,640,Memphis,ITN,WLMT,Personal Injury,Syndication,RRFALL30ITNH,TRR_30_TVC_FALL_HERO,30,16.51
1/20/20,1:44 AM,Local,640,Memphis,ITN,WLMT,Personal Injury,Syndication,RRFALL30ITNH,TRR_30_TVC_FALL_HERO,30,16.51
1/20/20,10:30 PM,Local,556,Richmond-Petersburg,ITN,WRLH,Local NwsSpcl,Syndication,RRFALL30ITNH,TRR_30_TVC_FALL_HERO,30,33.01
1/20/20,10:37 PM,Local,686,Mobile-Pensacola (Ft Wa,ITN,WFGX,Maury,Syndication,RRFALL30ITNH,TRR_30_TVC_FALL_HERO,30,33.01
1/20/20,11:34 PM,Local,686,Mobile-Pensacola (Ft Wa,ITN,WFGX,Steve Wilkos,Syndication,RRFALL30ITNH,TRR_30_TVC_FALL_HERO,30,33.01
1/20/20,1:59 AM,Local,671,Tulsa,ITN,KQCW,Personal Injury,Syndication,RRFALL30ITNH,TRR_30_TVC_FALL_HERO,30,16.51
1/20/20,10:12 PM,Local,532,Albany-Schenectady-Troy,ITN,WCWN,CBS 6 News 10pm,Syndication,RRFALL30ITNH,TRR_30_TVC_FALL_HERO,30,16.51
1/20/20,10:50 PM,Local,532,Albany-Schenectady-Troy,ITN,WCWN,CBS 6 News 10pm,Syndication,RRFALL30ITNH,TRR_30_TVC_FALL_HERO,30,16.51
1/20/20,11:13 PM,Local,542,Dayton,ITN,WKEF,Dayton 24/7 Now,Syndication,RRFALL30ITNH,TRR_30_TVC_FALL_HERO,30,16.51
1/20/20,1:59 AM,Local,541,Lexington,ITN,WDKY,Two Half Men,Syndication,RRFALL30ITNH,TRR_30_TVC_FALL_HERO,30,16.51
1/20/20,9:21 PM,Local,789,Tucson (Sierra Vista),ITN,KWBA,KGUN 9 News,Syndication,RRFALL30ITNH,TRR_30_TVC_FALL_HERO,30,0
1/20/20,11:49 PM,Local,789,Tucson (Sierra Vista),ITN,KWBA,Access,Syndication,RRFALL30ITNH,TRR_30_TVC_FALL_HERO,30,0
1/20/20,12:14 AM,Local,658,Green Bay-Appleton,ITN,WACY,Bobs Burgers,Syndication,RRFALL30ITNH,TRR_30_TVC_FALL_HERO,30,0
1/20/20,11:13 PM,Local,881,Spokane,ITN,KAYU,Live PD Police,Syndication,RRFALL30ITNH,TRR_30_TVC_FALL_HERO,30,16.51
1/20/20,11:58 PM,Local,881,Spokane,ITN,KAYU,Live PD Police,Syndication,RRFALL30ITNH,TRR_30_TVC_FALL_HERO,30,16.51
1/20/20,1:04 AM,Local,881,Spokane,ITN,KXLY,Nightline,Syndication,RRFALL30ITNH,TRR_30_TVC_FALL_HERO,30,16.51
1/20/20,10:33 PM,Local,691,Huntsville-Decatur (Flo,ITN,WAAY,WAAY 31 News 10,Syndication,RRFALL30ITNH,TRR_30_TVC_FALL_HERO,30,33.01
1/20/20,11:47 PM,Local,500,Portland-Auburn,ITN,WPXT,Last Man,Syndication,RRFALL30ITNH,TRR_30_TVC_FALL_HERO,30,0
1/20/20,12:48 AM,Local,547,Toledo,ITN,WUPW,WTOL News 11,Syndication,RRFALL30ITNH,TRR_30_TVC_FALL_HERO,30,16.51
1/20/20,1:47 AM,Local,547,Toledo,ITN,WUPW,Live PD Police,Syndication,RRFALL30ITNH,TRR_30_TVC_FALL_HERO,30,16.51
1/20/20,11:31 PM,Local,636,Harlingen-Wslco-Brnsvl-,ITN,KGBT,Late Show With,Syndication,RRFALL30ITNH,TRR_30_TVC_FALL_HERO,30,16.51
1/20/20,9:18 PM,Local,632,Paducah-C.Gird-Harbg-Mt,ITN,WDKA,News 9 FOX23,Syndication,RRFALL30ITNH,TRR_30_TVC_FALL_HERO,30,16.51
1/20/20,1:04 AM,Local,612,Shreveport,ITN,KSLA,KSLA News 10PM,Syndication,RRFALL30ITNH,TRR_30_TVC_FALL_HERO,30,16.51
1/20/20,9:48 PM,Local,648,Champaign&Sprngfld-Deca,ITN,WBUI,FOX Champaign,Syndication,RRFALL30ITNH,TRR_30_TVC_FALL_HERO,30,0
1/20/20,11:33 PM,Local,575,Chattanooga,ITN,WDEF,News 12,Syndication,RRFALL30ITNH,TRR_30_TVC_FALL_HERO,30,33.01
1/20/20,12:32 AM,Local,765,El Paso,ITN,KVIA,ET,Syndication,RRFALL30ITNH,TRR_30_TVC_FALL_HERO,30,16.51
1/20/20,10:33 PM,Local,716,Baton Rouge,ITN,WVLA,NBC Local 33,Syndication,RRFALL30ITNH,TRR_30_TVC_FALL_HERO,30,16.51
1/20/20,1:43 AM,Local,718,"Jackson, MS",ITN,WLBT,Today w H and J,Syndication,RRFALL30ITNH,TRR_30_TVC_FALL_HERO,30,16.51
1/20/20,9:31 PM,Local,757,Boise,ITN,KNIN,FOX 9 News at 9,Syndication,RRFALL30ITNH,TRR_30_TVC_FALL_HERO,30,33.01
1/20/20,10:28 PM,Local,722,Lincoln & Hstngs-Krny P,ITN,KSNB,Local4 News 10,Syndication,RRFALL30ITNH,TRR_30_TVC_FALL_HERO,30,16.51
1/20/20,2:02 AM,Local,722,Lincoln & Hstngs-Krny P,ITN,KSNB,Impractical,Syndication,RRFALL30ITNH,TRR_30_TVC_FALL_HERO,30,0
1/20/20,12:51 AM,Local,520,Augusta,ITN,WJBF,Nightline,Syndication,RRFALL30ITNH,TRR_30_TVC_FALL_HERO,30,33.01
1/20/20,1:22 AM,Local,530,Tallahassee-Thomasville,ITN,WTXL,Inside Ed,Syndication,RRFALL30ITNH,TRR_30_TVC_FALL_HERO,30,0
1/20/20,10:33 PM,Local,724,Fargo-Valley City,ITN,WDAY,WDAY News at 10,Syndication,RRFALL30ITNH,TRR_30_TVC_FALL_HERO,30,49.52
1/20/20,1:40 AM,Local,724,Fargo-Valley City,ITN,WDAY,WDAY News,Syndication,RRFALL30ITNH,TRR_30_TVC_FALL_HERO,30,16.51
1/20/20,1:27 AM,Local,810,Yakima-Pasco-Rchlnd-Knn,ITN,KNDO,Late Night With,Syndication,RRFALL30ITNH,TRR_30_TVC_FALL_HERO,30,16.51
1/20/20,9:12 PM,Local,582,"Lafayette, LA",ITN,KADN,News 15 at 9,Syndication,RRFALL30ITNH,TRR_30_TVC_FALL_HERO,30,16.51
1/20/20,11:17 PM,Local,673,"Columbus, GA",ITN,WLTZ,WLTZ First News,Syndication,RRFALL30ITNH,TRR_30_TVC_FALL_HERO,30,0
1/20/20,1:47 AM,Local,868,Chico-Redding,ITN,KRVU,JustLaughsGag,Syndication,RRFALL30ITNH,TRR_30_TVC_FALL_HERO,30,0
1/20/20,9:40 PM,Local,634,Amarillo,ITN,KCIT,Fox 14 News 9,Syndication,RRFALL30ITNH,TRR_30_TVC_FALL_HERO,30,16.51
1/20/20,9:21 PM,Local,676,Duluth-Superior,ITN,KQDS,Fox 21 Local,Syndication,RRFALL30ITNH,TRR_30_TVC_FALL_HERO,30,16.51
1/20/20,9:24 PM,Local,605,Topeka,ITN,KTMJ,Fox 43 News 9,Syndication,RRFALL30ITNH,TRR_30_TVC_FALL_HERO,30,16.51
1/20/20,12:45 AM,Local,605,Topeka,ITN,KTMJ,Protection Crt,Syndication,RRFALL30ITNH,TRR_30_TVC_FALL_HERO,30,0
1/20/20,9:15 PM,Local,633,Odessa-Midland,ITN,KPEJ,FOX 24 News 9,Syndication,RRFALL30ITNH,TRR_30_TVC_FALL_HERO,30,0
1/20/20,11:50 PM,Local,554,Wheeling-Steubenville,ITN,ETRF,TMZ,Syndication,RRFALL30ITNH,TRR_30_TVC_FALL_HERO,30,0
1/20/20,9:24 PM,Local,662,Abilene-Sweetwater,ITN,KXVA,West Texas Live,Syndication,RRFALL30ITNH,TRR_30_TVC_FALL_HERO,30,0
1/20/20,1:37 AM,Local,734,Jonesboro,ITN,KJNB,Maury,Syndication,RRFALL30ITNH,TRR_30_TVC_FALL_HERO,30,0
1/20/20,1:42 AM,Local,661,San Angelo,ITN,KSAN,Today w H and J,Syndication,RRFALL30ITNH,TRR_30_TVC_FALL_HERO,30,0
1/21/20,1:07 AM,Local,501,New York,ITN,WWOR,Live PD Police,Syndication,RRFALL30ITNH,TRR_30_TVC_FALL_HERO,30,82.54
1/21/20,1:37 AM,Local,501,New York,ITN,WWOR,Live PD Police,Syndication,RRFALL30ITNH,TRR_30_TVC_FALL_HERO,30,33.01
1/21/20,1:35 AM,Local,803,Los Angeles,ITN,KTTV,Fox 11 Ten,Syndication,RRFALL30ITNH,TRR_30_TVC_FALL_HERO,30,82.54
1/21/20,1:06 AM,Local,602,Chicago,ITN,WCIU,Game,Syndication,RRFALL30ITNH,TRR_30_TVC_FALL_HERO,30,33.01
1/21/20,1:27 AM,Local,602,Chicago,ITN,WWME,Mannix,Syndication,RRFALL30ITNH,TRR_30_TVC_FALL_HERO,30,16.51
1/21/20,12:43 AM,Local,504,Philadelphia,ITN,WPSG,Bobs Burgers,Syndication,RRFALL30ITNH,TRR_30_TVC_FALL_HERO,30,0
1/21/20,1:04 AM,Local,623,Dallas-Ft. Worth,ITN,KTVT,CBS 11 News,Syndication,RRFALL30ITNH,TRR_30_TVC_FALL_HERO,30,49.52
1/21/20,1:50 AM,Local,623,Dallas-Ft. Worth,ITN,KTXA,Comics,Syndication,RRFALL30ITNH,TRR_30_TVC_FALL_HERO,30,0
1/21/20,1:22 AM,Local,807,San Francisco-Oak-San J,ITN,KBCW,Bobs Burgers,Syndication,RRFALL30ITNH,TRR_30_TVC_FALL_HERO,30,0
1/21/20,1:59 AM,Local,511,"Washington, DC (Hagrstw",ITN,WDCW,DailyMailTV,Syndication,RRFALL30ITNH,TRR_30_TVC_FALL_HERO,30,16.51
1/21/20,12:38 AM,Local,618,Houston,ITN,KUBE,Impractical,Syndication,RRFALL30ITNH,TRR_30_TVC_FALL_HERO,30,0
1/21/20,1:35 AM,Local,618,Houston,ITN,KUBE,Game,Syndication,RRFALL30ITNH,TRR_30_TVC_FALL_HERO,30,0
1/21/20,1:36 AM,Local,506,Boston (Manchester),ITN,WFXT,Boston 25 News,Syndication,RRFALL30ITNH,TRR_30_TVC_FALL_HERO,30,0
1/21/20,1:53 AM,Local,506,Boston (Manchester),ITN,WLVI,Bobs Burgers,Syndication,RRFALL30ITNH,TRR_30_TVC_FALL_HERO,30,0
1/21/20,1:20 AM,Local,524,Atlanta,ITN,WAGA,Fox 5 News 1000,Syndication,RRFALL30ITNH,TRR_30_TVC_FALL_HERO,30,0
1/21/20,1:57 AM,Local,524,Atlanta,ITN,WAGA,Fox 5 News 1000,Syndication,RRFALL30ITNH,TRR_30_TVC_FALL_HERO,30,132.06
1/21/20,12:59 AM,Local,753,Phoenix,ITN,KAZT,Cops,Syndication,RRFALL30ITNH,TRR_30_TVC_FALL_HERO,30,0
1/21/20,1:44 AM,Local,539,Tampa-St. Pete (Sarasot,ITN,WTTA,ForensicFiles,Syndication,RRFALL30ITNH,TRR_30_TVC_FALL_HERO,30,33.01
1/21/20,1:58 AM,Local,819,Seattle-Tacoma,ITN,KONG,Real,Syndication,RRFALL30ITNH,TRR_30_TVC_FALL_HERO,30,0
1/21/20,1:48 AM,Local,751,Denver,ITN,KCDO,Doctors,Syndication,RRFALL30ITNH,TRR_30_TVC_FALL_HERO,30,0
1/21/20,12:56 AM,Local,534,Orlando-Daytona Bch-Mel,ITN,WOFL,FOX 35 News,Syndication,RRFALL30ITNH,TRR_30_TVC_FALL_HERO,30,33.01
1/21/20,1:22 AM,Local,510,Cleveland,ITN,WOIO,Late Late Show,Syndication,RRFALL30ITNH,TRR_30_TVC_FALL_HERO,30,16.51
1/21/20,1:11 AM,Local,517,Charlotte,ITN,WAXN,Live PD Police,Syndication,RRFALL30ITNH,TRR_30_TVC_FALL_HERO,30,49.52
1/21/20,9:48 PM,Local,609,St. Louis,ITN,KTVI,FOX 2 News,Syndication,RRFALL30ITNH,TRR_30_TVC_FALL_HERO,30,264.11
1/21/20,1:47 AM,Local,512,Baltimore,ITN,WMAR,Dateline,Syndication,RRFALL30ITNH,TRR_30_TVC_FALL_HERO,30,33.01
1/21/20,1:59 AM,Local,560,Raleigh-Durham (Fayetvl,ITN,WRDC,Bobs Burgers,Syndication,RRFALL30ITNH,TRR_30_TVC_FALL_HERO,30,16.51
1/21/20,11:40 PM,Local,659,Nashville,ITN,WUXP,FOX17 News Nine,Syndication,RRFALL30ITNH,TRR_30_TVC_FALL_HERO,30,16.51
1/21/20,11:48 PM,Local,617,Milwaukee,ITN,WVTV,King of Queens,Syndication,RRFALL30ITNH,TRR_30_TVC_FALL_HERO,30,0
1/21/20,1:12 AM,Local,561,"Jacksonville, Brunswick",ITN,WCWJ,Chicago PD,Syndication,RRFALL30ITNH,TRR_30_TVC_FALL_HERO,30,16.51
1/21/20,1:59 AM,Local,650,Oklahoma City,ITN,KAUT,Americas Court,Syndication,RRFALL30ITNH,TRR_30_TVC_FALL_HERO,30,16.51
1/21/20,1:43 AM,Local,650,Oklahoma City,ITN,KOKH,Seinfeld,Syndication,RRFALL30ITNH,TRR_30_TVC_FALL_HERO,30,16.51
1/21/20,1:25 AM,Local,630,Birmingham,ITN,WVTM,Special,Syndication,RRFALL30ITNH,TRR_30_TVC_FALL_HERO,30,16.51
1/21/20,9:11 PM,Local,790,Albuquerque-Santa Fe,ITN,KASY,News 13 KASY,Syndication,RRFALL30ITNH,TRR_30_TVC_FALL_HERO,30,16.51
1/21/20,12:53 AM,Local,529,Louisville,ITN,WHAS,Nightline,Syndication,RRFALL30ITNH,TRR_30_TVC_FALL_HERO,30,16.51
1/21/20,12:00 AM,Local,622,New Orleans,ITN,WUPL,Chicago PD,Syndication,RRFALL30ITNH,TRR_30_TVC_FALL_HERO,30,16.51
1/21/20,11:53 PM,Local,640,Memphis,ITN,WATN,Nightline,Syndication,RRFALL30ITNH,TRR_30_TVC_FALL_HERO,30,16.51
1/21/20,10:45 PM,Local,686,Mobile-Pensacola (Ft Wa,ITN,WFGX,Maury,Syndication,RRFALL30ITNH,TRR_30_TVC_FALL_HERO,30,33.01
1/21/20,11:54 PM,Local,686,Mobile-Pensacola (Ft Wa,ITN,WFGX,Steve Wilkos,Syndication,RRFALL30ITNH,TRR_30_TVC_FALL_HERO,30,33.01
1/21/20,1:38 AM,Local,671,Tulsa,ITN,KQCW,Personal Injury,Syndication,RRFALL30ITNH,TRR_30_TVC_FALL_HERO,30,16.51
1/21/20,1:59 AM,Local,532,Albany-Schenectady-Troy,ITN,WCWN,DailyMailTV,Syndication,RRFALL30ITNH,TRR_30_TVC_FALL_HERO,30,16.51
1/21/20,11:15 PM,Local,542,Dayton,ITN,WKEF,Dayton 24/7 Now,Syndication,RRFALL30ITNH,TRR_30_TVC_FALL_HERO,30,16.51
1/21/20,10:29 PM,Local,541,Lexington,ITN,WDKY,Fox 56 10,Syndication,RRFALL30ITNH,TRR_30_TVC_FALL_HERO,30,66.03
1/21/20,12:29 AM,Local,658,Green Bay-Appleton,ITN,WACY,Bobs Burgers,Syndication,RRFALL30ITNH,TRR_30_TVC_FALL_HERO,30,0
1/21/20,11:13 PM,Local,881,Spokane,ITN,KAYU,Live PD Police,Syndication,RRFALL30ITNH,TRR_30_TVC_FALL_HERO,30,16.51
1/21/20,1:03 AM,Local,881,Spokane,ITN,KXLY,Nightline,Syndication,RRFALL30ITNH,TRR_30_TVC_FALL_HERO,30,16.51
1/21/20,1:20 AM,Local,652,Omaha,ITN,KETV,Newswatch 7 10,Syndication,RRFALL30ITNH,TRR_30_TVC_FALL_HERO,30,16.51
1/21/20,1:48 AM,Local,519,Charleston-Huntington,ITN,WOWK,TMZ,Syndication,RRFALL30ITNH,TRR_30_TVC_FALL_HERO,30,0
1/21/20,11:29 PM,Local,636,Harlingen-Wslco-Brnsvl-,ITN,KGBT,Late Show With,Syndication,RRFALL30ITNH,TRR_30_TVC_FALL_HERO,30,16.51
1/21/20,9:23 PM,Local,632,Paducah-C.Gird-Harbg-Mt,ITN,WDKA,News 9 FOX23,Syndication,RRFALL30ITNH,TRR_30_TVC_FALL_HERO,30,16.51
1/21/20,12:56 AM,Local,612,Shreveport,ITN,KSLA,KSLA News 10PM,Syndication,RRFALL30ITNH,TRR_30_TVC_FALL_HERO,30,16.51
1/21/20,9:38 PM,Local,648,Champaign&Sprngfld-Deca,ITN,WBUI,FOX Champaign,Syndication,RRFALL30ITNH,TRR_30_TVC_FALL_HERO,30,0
1/21/20,1:52 AM,Local,507,Savannah,ITN,WJCL,Inside Ed,Syndication,RRFALL30ITNH,TRR_30_TVC_FALL_HERO,30,0
1/21/20,1:24 AM,Local,718,"Jackson, MS",ITN,WLBT,Today w H and J,Syndication,RRFALL30ITNH,TRR_30_TVC_FALL_HERO,30,16.51
1/21/20,9:57 PM,Local,757,Boise,ITN,KNIN,FOX 9 News at 9,Syndication,RRFALL30ITNH,TRR_30_TVC_FALL_HERO,30,33.01
1/21/20,1:10 AM,Local,649,Evansville,ITN,WTVW,Caught,Syndication,RRFALL30ITNH,TRR_30_TVC_FALL_HERO,30,0
1/21/20,11:17 PM,Local,574,Johnstown-Altoona,ITN,WJAC,WJACTV News 11,Syndication,RRFALL30ITNH,TRR_30_TVC_FALL_HERO,30,49.52
1/21/20,10:32 PM,Local,722,Lincoln & Hstngs-Krny P,ITN,KSNB,Local4 News 10,Syndication,RRFALL30ITNH,TRR_30_TVC_FALL_HERO,30,16.51
1/21/20,12:38 AM,Local,509,Ft. Wayne,ITN,WPTA,Nightline,Syndication,RRFALL30ITNH,TRR_30_TVC_FALL_HERO,30,0
1/21/20,10:29 PM,Local,724,Fargo-Valley City,ITN,WDAY,WDAY News at 10,Syndication,RRFALL30ITNH,TRR_30_TVC_FALL_HERO,30,49.52
1/21/20,1:36 AM,Local,724,Fargo-Valley City,ITN,WDAY,WDAY News,Syndication,RRFALL30ITNH,TRR_30_TVC_FALL_HERO,30,16.51
1/21/20,9:50 PM,Local,582,"Lafayette, LA",ITN,KADN,News 15 at 9,Syndication,RRFALL30ITNH,TRR_30_TVC_FALL_HERO,30,16.51
1/21/20,1:11 AM,Local,582,"Lafayette, LA",ITN,KADN,2 Broke Girls,Syndication,RRFALL30ITNH,TRR_30_TVC_FALL_HERO,30,0
1/21/20,11:41 PM,Local,550,Wilmington,ITN,WILM,Perry Mason,Syndication,RRFALL30ITNH,TRR_30_TVC_FALL_HERO,30,0
1/21/20,11:31 PM,Local,673,"Columbus, GA",ITN,WLTZ,WLTZ First News,Syndication,RRFALL30ITNH,TRR_30_TVC_FALL_HERO,30,0
1/21/20,9:24 PM,Local,633,Odessa-Midland,ITN,KPEJ,FOX 24 News 9,Syndication,RRFALL30ITNH,TRR_30_TVC_FALL_HERO,30,0
1/21/20,11:44 PM,Local,633,Odessa-Midland,ITN,KPEJ,Funny You,Syndication,RRFALL30ITNH,TRR_30_TVC_FALL_HERO,30,0
1/21/20,12:11 AM,Local,554,Wheeling-Steubenville,ITN,ETOV,Dateline,Syndication,RRFALL30ITNH,TRR_30_TVC_FALL_HERO,30,0
1/21/20,11:56 PM,Local,554,Wheeling-Steubenville,ITN,ETRF,TMZ,Syndication,RRFALL30ITNH,TRR_30_TVC_FALL_HERO,30,0
1/21/20,9:16 PM,Local,662,Abilene-Sweetwater,ITN,KXVA,West Texas Live,Syndication,RRFALL30ITNH,TRR_30_TVC_FALL_HERO,30,0
1/21/20,10:22 PM,Local,717,Quincy-Hannibal-Keokuk,ITN,WGEM,WGEM News at 10,Syndication,RRFALL30ITNH,TRR_30_TVC_FALL_HERO,30,33.01
1/21/20,12:55 AM,Local,734,Jonesboro,ITN,KJNB,Game,Syndication,RRFALL30ITNH,TRR_30_TVC_FALL_HERO,30,0
1/21/20,1:24 AM,Local,661,San Angelo,ITN,KSAN,Today w H and J,Syndication,RRFALL30ITNH,TRR_30_TVC_FALL_HERO,30,0
1/22/20,1:06 AM,Local,501,New York,ITN,WWOR,Live PD Police,Syndication,RRFALL30ITNH,TRR_30_TVC_FALL_HERO,30,82.54
1/22/20,1:36 AM,Local,501,New York,ITN,WWOR,Live PD Police,Syndication,RRFALL30ITNH,TRR_30_TVC_FALL_HERO,30,66.03
1/22/20,1:42 AM,Local,803,Los Angeles,ITN,KTTV,Fox 11 Ten,Syndication,RRFALL30ITNH,TRR_30_TVC_FALL_HERO,30,66.03
1/22/20,12:47 AM,Local,602,Chicago,ITN,WCIU,Bobs Burgers,Syndication,RRFALL30ITNH,TRR_30_TVC_FALL_HERO,30,0
1/22/20,1:22 AM,Local,602,Chicago,ITN,WCIU,Game,Syndication,RRFALL30ITNH,TRR_30_TVC_FALL_HERO,30,0
1/22/20,12:49 AM,Local,623,Dallas-Ft. Worth,ITN,KTVT,CBS 11 News,Syndication,RRFALL30ITNH,TRR_30_TVC_FALL_HERO,30,16.51
1/22/20,1:29 AM,Local,807,San Francisco-Oak-San J,ITN,KOFY,Live PD Police,Syndication,RRFALL30ITNH,TRR_30_TVC_FALL_HERO,30,0
1/22/20,1:42 AM,Local,511,"Washington, DC (Hagrstw",ITN,WDCW,DailyMailTV,Syndication,RRFALL30ITNH,TRR_30_TVC_FALL_HERO,30,16.51
1/22/20,12:25 AM,Local,618,Houston,ITN,KUBE,Impractical,Syndication,RRFALL30ITNH,TRR_30_TVC_FALL_HERO,30,0
1/22/20,1:22 AM,Local,618,Houston,ITN,KUBE,Game,Syndication,RRFALL30ITNH,TRR_30_TVC_FALL_HERO,30,0
1/22/20,1:36 AM,Local,506,Boston (Manchester),ITN,WFXT,Boston 25 News,Syndication,RRFALL30ITNH,TRR_30_TVC_FALL_HERO,30,66.03
1/22/20,1:54 AM,Local,524,Atlanta,ITN,WAGA,Fox 5 News 1000,Syndication,RRFALL30ITNH,TRR_30_TVC_FALL_HERO,30,115.55
1/22/20,1:29 AM,Local,753,Phoenix,ITN,KAZT,Cops,Syndication,RRFALL30ITNH,TRR_30_TVC_FALL_HERO,30,0
1/22/20,12:52 AM,Local,613,Minneapolis-St. Paul,ITN,WFTC,25 Words Or Les,Syndication,RRFALL30ITNH,TRR_30_TVC_FALL_HERO,30,0
1/22/20,1:49 AM,Local,528,Miami-Ft. Lauderdale,ITN,WFOR,CBS4 News 11pm,Syndication,RRFALL30ITNH,TRR_30_TVC_FALL_HERO,30,0
1/22/20,9:21 PM,Local,609,St. Louis,ITN,KTVI,FOX 2 News,Syndication,RRFALL30ITNH,TRR_30_TVC_FALL_HERO,30,445.69
1/22/20,10:21 PM,Local,609,St. Louis,ITN,KTVI,FOX 2 News,Syndication,RRFALL30ITNH,TRR_30_TVC_FALL_HERO,30,264.11
1/22/20,1:48 AM,Local,609,St. Louis,ITN,KTVI,Dish Nation,Syndication,RRFALL30ITNH,TRR_30_TVC_FALL_HERO,30,16.51
1/22/20,1:50 AM,Local,512,Baltimore,ITN,EBFF,Goldbergs,Syndication,RRFALL30ITNH,TRR_30_TVC_FALL_HERO,30,33.01
1/22/20,1:16 AM,Local,512,Baltimore,ITN,WMAR,Dateline,Syndication,RRFALL30ITNH,TRR_30_TVC_FALL_HERO,30,16.51
1/22/20,1:44 AM,Local,560,Raleigh-Durham (Fayetvl,ITN,WRDC,Bobs Burgers,Syndication,RRFALL30ITNH,TRR_30_TVC_FALL_HERO,30,16.51
1/22/20,1:37 AM,Local,825,San Diego,ITN,KGTV,10News at 11pm,Syndication,RRFALL30ITNH,TRR_30_TVC_FALL_HERO,30,16.51
1/22/20,10:41 PM,Local,533,Hartford & New Haven,ITN,WCTX,News 8 10pm,Syndication,RRFALL30ITNH,TRR_30_TVC_FALL_HERO,30,49.52
1/22/20,1:21 AM,Local,535,"Columbus, OH",ITN,WWHO,Dateline,Syndication,RRFALL30ITNH,TRR_30_TVC_FALL_HERO,30,0
1/22/20,11:44 PM,Local,617,Milwaukee,ITN,WVTV,King of Queens,Syndication,RRFALL30ITNH,TRR_30_TVC_FALL_HERO,30,0
1/22/20,1:51 AM,Local,515,Cincinnati,ITN,WSTR,Live PD Police,Syndication,RRFALL30ITNH,TRR_30_TVC_FALL_HERO,30,16.51
1/22/20,10:25 PM,Local,567,Greenvll-Spart-Ashevll-,ITN,WYCW,7 News 10PM,Syndication,RRFALL30ITNH,TRR_30_TVC_FALL_HERO,30,16.51
1/22/20,12:22 AM,Local,567,Greenvll-Spart-Ashevll-,ITN,WYCW,Seinfeld,Syndication,RRFALL30ITNH,TRR_30_TVC_FALL_HERO,30,0
1/22/20,11:12 PM,Local,561,"Jacksonville, Brunswick",ITN,WCWJ,News4JAX 11PM,Syndication,RRFALL30ITNH,TRR_30_TVC_FALL_HERO,30,16.51
1/22/20,1:41 AM,Local,650,Oklahoma City,ITN,KOCB,Mike & Molly,Syndication,RRFALL30ITNH,TRR_30_TVC_FALL_HERO,30,16.51
1/22/20,10:22 PM,Local,650,Oklahoma City,ITN,KOKH,FOX25 Late,Syndication,RRFALL30ITNH,TRR_30_TVC_FALL_HERO,30,49.52
1/22/20,10:30 PM,Local,630,Birmingham,ITN,WVTM,WVTM 13 News,Syndication,RRFALL30ITNH,TRR_30_TVC_FALL_HERO,30,49.52
1/22/20,12:52 AM,Local,563,Grand Rapids-Kalmzoo-B.,ITN,WZZM,Nightline,Syndication,RRFALL30ITNH,TRR_30_TVC_FALL_HERO,30,16.51
1/22/20,9:20 PM,Local,790,Albuquerque-Santa Fe,ITN,KASY,News 13 KASY,Syndication,RRFALL30ITNH,TRR_30_TVC_FALL_HERO,30,16.51
1/22/20,12:42 AM,Local,790,Albuquerque-Santa Fe,ITN,KASY,Celebrity Page,Syndication,RRFALL30ITNH,TRR_30_TVC_FALL_HERO,30,0
1/22/20,11:54 PM,Local,518,Greensboro-H.Point-W.Sa,ITN,WCWG,How I Met Your,Syndication,RRFALL30ITNH,TRR_30_TVC_FALL_HERO,30,16.51
1/22/20,12:02 AM,Local,640,Memphis,ITN,WATN,Nightline,Syndication,RRFALL30ITNH,TRR_30_TVC_FALL_HERO,30,16.51
1/22/20,2:00 AM,Local,640,Memphis,ITN,WHBQ,Protection Crt,Syndication,RRFALL30ITNH,TRR_30_TVC_FALL_HERO,30,49.52
1/22/20,9:57 PM,Local,640,Memphis,ITN,WLMT,CW30 News at 9,Syndication,RRFALL30ITNH,TRR_30_TVC_FALL_HERO,30,49.52
1/22/20,10:29 PM,Local,514,Buffalo,ITN,WNLO,News 4 at 10,Syndication,RRFALL30ITNH,TRR_30_TVC_FALL_HERO,30,99.04
1/22/20,1:58 AM,Local,514,Buffalo,ITN,WNLO,Cops,Syndication,RRFALL30ITNH,TRR_30_TVC_FALL_HERO,30,0
1/22/20,10:55 PM,Local,556,Richmond-Petersburg,ITN,WRLH,Local NwsSpcl,Syndication,RRFALL30ITNH,TRR_30_TVC_FALL_HERO,30,33.01
1/22/20,1:58 AM,Local,521,Providence-New Bedford,ITN,EPRI,How I Met Your,Syndication,RRFALL30ITNH,TRR_30_TVC_FALL_HERO,30,0
1/22/20,10:33 PM,Local,686,Mobile-Pensacola (Ft Wa,ITN,WFGX,Maury,Syndication,RRFALL30ITNH,TRR_30_TVC_FALL_HERO,30,33.01
1/22/20,11:42 PM,Local,686,Mobile-Pensacola (Ft Wa,ITN,WFGX,Steve Wilkos,Syndication,RRFALL30ITNH,TRR_30_TVC_FALL_HERO,30,33.01
1/22/20,9:07 PM,Local,557,Knoxville,ITN,WKNX,The Simpsons,Syndication,RRFALL30ITNH,TRR_30_TVC_FALL_HERO,30,0
1/22/20,10:13 PM,Local,541,Lexington,ITN,WDKY,Fox 56 10,Syndication,RRFALL30ITNH,TRR_30_TVC_FALL_HERO,30,66.03
1/22/20,1:19 AM,Local,652,Omaha,ITN,KETV,Newswatch 7 10,Syndication,RRFALL30ITNH,TRR_30_TVC_FALL_HERO,30,16.51
1/22/20,11:34 PM,Local,519,Charleston-Huntington,ITN,WOWK,13 News at 11p,Syndication,RRFALL30ITNH,TRR_30_TVC_FALL_HERO,30,16.51
1/22/20,10:42 PM,Local,538,"Rochester, NY",ITN,WUHF,13WHAM News 10,Syndication,RRFALL30ITNH,TRR_30_TVC_FALL_HERO,30,33.01
1/22/20,1:28 AM,Local,538,"Rochester, NY",ITN,WUHF,DailyMailTV,Syndication,RRFALL30ITNH,TRR_30_TVC_FALL_HERO,30,0
1/22/20,10:34 PM,Local,691,Huntsville-Decatur (Flo,ITN,WAAY,WAAY 31 News 10,Syndication,RRFALL30ITNH,TRR_30_TVC_FALL_HERO,30,33.01
1/22/20,12:29 AM,Local,691,Huntsville-Decatur (Flo,ITN,WAAY,WAAY 31 News 10,Syndication,RRFALL30ITNH,TRR_30_TVC_FALL_HERO,30,0
1/22/20,1:57 AM,Local,691,Huntsville-Decatur (Flo,ITN,WAAY,Comics,Syndication,RRFALL30ITNH,TRR_30_TVC_FALL_HERO,30,0
1/22/20,11:01 PM,Local,636,Harlingen-Wslco-Brnsvl-,ITN,KGBT,Late Show With,Syndication,RRFALL30ITNH,TRR_30_TVC_FALL_HERO,30,16.51
1/22/20,9:12 PM,Local,632,Paducah-C.Gird-Harbg-Mt,ITN,WDKA,News 9 FOX23,Syndication,RRFALL30ITNH,TRR_30_TVC_FALL_HERO,30,16.51
1/22/20,9:53 PM,Local,632,Paducah-C.Gird-Harbg-Mt,ITN,WDKA,News 9 FOX23,Syndication,RRFALL30ITNH,TRR_30_TVC_FALL_HERO,30,16.51
1/22/20,9:54 PM,Local,648,Champaign&Sprngfld-Deca,ITN,WBUI,FOX Champaign,Syndication,RRFALL30ITNH,TRR_30_TVC_FALL_HERO,30,0
1/22/20,1:22 AM,Local,648,Champaign&Sprngfld-Deca,ITN,WBUI,Bobs Burgers,Syndication,RRFALL30ITNH,TRR_30_TVC_FALL_HERO,30,0
1/22/20,12:52 AM,Local,507,Savannah,ITN,WJCL,Nightline,Syndication,RRFALL30ITNH,TRR_30_TVC_FALL_HERO,30,0
1/22/20,11:31 PM,Local,575,Chattanooga,ITN,WDEF,News 12,Syndication,RRFALL30ITNH,TRR_30_TVC_FALL_HERO,30,33.01
1/22/20,10:11 PM,Local,716,Baton Rouge,ITN,WVLA,NBC Local 33,Syndication,RRFALL30ITNH,TRR_30_TVC_FALL_HERO,30,16.51
1/22/20,9:55 PM,Local,757,Boise,ITN,KNIN,FOX 9 News at 9,Syndication,RRFALL30ITNH,TRR_30_TVC_FALL_HERO,30,33.01
1/22/20,12:41 AM,Local,757,Boise,ITN,KNIN,TMZ Live,Syndication,RRFALL30ITNH,TRR_30_TVC_FALL_HERO,30,0
1/22/20,11:18 PM,Local,574,Johnstown-Altoona,ITN,WJAC,WJACTV News 11,Syndication,RRFALL30ITNH,TRR_30_TVC_FALL_HERO,30,49.52
1/22/20,11:32 PM,Local,530,Tallahassee-Thomasville,ITN,WTXL,ABC 27 News,Syndication,RRFALL30ITNH,TRR_30_TVC_FALL_HERO,30,16.51
1/22/20,10:34 PM,Local,724,Fargo-Valley City,ITN,WDAY,WDAY News at 10,Syndication,RRFALL30ITNH,TRR_30_TVC_FALL_HERO,30,49.52
1/22/20,12:03 AM,Local,724,Fargo-Valley City,ITN,WDAY,Nightline,Syndication,RRFALL30ITNH,TRR_30_TVC_FALL_HERO,30,16.51
1/22/20,1:38 AM,Local,724,Fargo-Valley City,ITN,WDAY,WDAY News,Syndication,RRFALL30ITNH,TRR_30_TVC_FALL_HERO,30,16.51
1/22/20,9:28 PM,Local,582,"Lafayette, LA",ITN,KADN,News 15 at 9,Syndication,RRFALL30ITNH,TRR_30_TVC_FALL_HERO,30,16.51
1/22/20,10:59 PM,Local,855,SantaBarbra-SanMar-SanL,ITN,KKFX,KKFX Fox 11,Syndication,RRFALL30ITNH,TRR_30_TVC_FALL_HERO,30,16.51
1/22/20,11:44 PM,Local,550,Wilmington,ITN,WILM,Perry Mason,Syndication,RRFALL30ITNH,TRR_30_TVC_FALL_HERO,30,0
1/22/20,11:24 PM,Local,673,"Columbus, GA",ITN,WLTZ,WLTZ First News,Syndication,RRFALL30ITNH,TRR_30_TVC_FALL_HERO,30,0
1/22/20,1:36 AM,Local,673,"Columbus, GA",ITN,WLTZ,Late Night With,Syndication,RRFALL30ITNH,TRR_30_TVC_FALL_HERO,30,0
1/22/20,1:53 AM,Local,868,Chico-Redding,ITN,KRVU,JustLaughsGag,Syndication,RRFALL30ITNH,TRR_30_TVC_FALL_HERO,30,0
1/22/20,9:36 PM,Local,676,Duluth-Superior,ITN,KQDS,Fox 21 Local,Syndication,RRFALL30ITNH,TRR_30_TVC_FALL_HERO,30,16.51
1/22/20,12:31 AM,Local,676,Duluth-Superior,ITN,KQDS,How I Met Your,Syndication,RRFALL30ITNH,TRR_30_TVC_FALL_HERO,30,0
1/22/20,12:17 AM,Local,804,Palm Springs,ITN,KDFX,Mike & Molly,Syndication,RRFALL30ITNH,TRR_30_TVC_FALL_HERO,30,0
1/22/20,12:42 AM,Local,651,Lubbock,ITN,KJTV,2 Broke Girls,Syndication,RRFALL30ITNH,TRR_30_TVC_FALL_HERO,30,0
1/22/20,10:36 PM,Local,627,Wichita Falls & Lawton,ITN,KJBO,Celebrity Page,Syndication,RRFALL30ITNH,TRR_30_TVC_FALL_HERO,30,0
1/22/20,11:27 PM,Local,554,Wheeling-Steubenville,ITN,WTRF,7News at 11pm,Syndication,RRFALL30ITNH,TRR_30_TVC_FALL_HERO,30,16.51
1/22/20,9:10 PM,Local,662,Abilene-Sweetwater,ITN,KXVA,West Texas Live,Syndication,RRFALL30ITNH,TRR_30_TVC_FALL_HERO,30,0
1/22/20,9:53 PM,Local,662,Abilene-Sweetwater,ITN,KXVA,West Texas Live,Syndication,RRFALL30ITNH,TRR_30_TVC_FALL_HERO,30,0
1/22/20,10:29 PM,Local,717,Quincy-Hannibal-Keokuk,ITN,WGEM,WGEM News at 10,Syndication,RRFALL30ITNH,TRR_30_TVC_FALL_HERO,30,33.01
1/22/20,1:28 AM,Local,717,Quincy-Hannibal-Keokuk,ITN,WGEM,Today w H and J,Syndication,RRFALL30ITNH,TRR_30_TVC_FALL_HERO,30,0
1/22/20,1:44 AM,Local,661,San Angelo,ITN,KSAN,Today w H and J,Syndication,RRFALL30ITNH,TRR_30_TVC_FALL_HERO,30,0
1/23/20,11:56 PM,Local,501,New York,ITN,WNYW,Big Bang Theory,Syndication,RRFALL30ITNH,TRR_30_TVC_FALL_HERO,30,0
1/23/20,1:23 AM,Local,501,New York,ITN,WWOR,Live PD Police,Syndication,RRFALL30ITNH,TRR_30_TVC_FALL_HERO,30,16.51
1/23/20,1:29 AM,Local,501,New York,ITN,WWOR,Live PD Police,Syndication,RRFALL30ITNH,TRR_30_TVC_FALL_HERO,30,16.51
1/23/20,9:23 PM,Local,803,Los Angeles,ITN,KCAL,KCAL 9 News,Syndication,RRFALL30ITNH,TRR_30_TVC_FALL_HERO,30,0
1/23/20,12:38 AM,Local,602,Chicago,ITN,WCIU,Bobs Burgers,Syndication,RRFALL30ITNH,TRR_30_TVC_FALL_HERO,30,16.51
1/23/20,1:13 AM,Local,602,Chicago,ITN,WCIU,Game,Syndication,RRFALL30ITNH,TRR_30_TVC_FALL_HERO,30,33.01
1/23/20,1:23 AM,Local,602,Chicago,ITN,WWME,Mannix,Syndication,RRFALL30ITNH,TRR_30_TVC_FALL_HERO,30,115.55
1/23/20,1:50 AM,Local,511,"Washington, DC (Hagrstw",ITN,WDCW,DailyMailTV,Syndication,RRFALL30ITNH,TRR_30_TVC_FALL_HERO,30,33.01
1/23/20,12:46 AM,Local,618,Houston,ITN,KUBE,Impractical,Syndication,RRFALL30ITNH,TRR_30_TVC_FALL_HERO,30,0
1/23/20,1:51 AM,Local,618,Houston,ITN,KUBE,Game,Syndication,RRFALL30ITNH,TRR_30_TVC_FALL_HERO,30,33.01
1/23/20,1:33 AM,Local,506,Boston (Manchester),ITN,WFXT,Boston 25 News,Syndication,RRFALL30ITNH,TRR_30_TVC_FALL_HERO,30,66.03
1/23/20,1:45 AM,Local,506,Boston (Manchester),ITN,WLVI,Bobs Burgers,Syndication,RRFALL30ITNH,TRR_30_TVC_FALL_HERO,30,0
1/23/20,1:11 AM,Local,524,Atlanta,ITN,WAGA,Fox 5 News 1000,Syndication,RRFALL30ITNH,TRR_30_TVC_FALL_HERO,30,115.55
1/23/20,1:53 AM,Local,524,Atlanta,ITN,WAGA,Fox 5 News 1000,Syndication,RRFALL30ITNH,TRR_30_TVC_FALL_HERO,30,0
1/23/20,12:39 AM,Local,753,Phoenix,ITN,KAZT,Cops,Syndication,RRFALL30ITNH,TRR_30_TVC_FALL_HERO,30,0
1/23/20,9:48 PM,Local,819,Seattle-Tacoma,ITN,KONG,KING 5 News,Syndication,RRFALL30ITNH,TRR_30_TVC_FALL_HERO,30,16.51
1/23/20,12:43 AM,Local,613,Minneapolis-St. Paul,ITN,WFTC,25 Words Or Les,Syndication,RRFALL30ITNH,TRR_30_TVC_FALL_HERO,30,0
1/23/20,1:50 AM,Local,751,Denver,ITN,KCDO,Doctors,Syndication,RRFALL30ITNH,TRR_30_TVC_FALL_HERO,30,0
1/23/20,1:43 AM,Local,862,Sacramento-Stktn-Modest,ITN,KOVR,Comics,Syndication,RRFALL30ITNH,TRR_30_TVC_FALL_HERO,30,49.52
1/23/20,9:43 PM,Local,609,St. Louis,ITN,KTVI,FOX 2 News,Syndication,RRFALL30ITNH,TRR_30_TVC_FALL_HERO,30,330.14
1/23/20,12:39 AM,Local,527,Indianapolis,ITN,WNDY,Live PD Police,Syndication,RRFALL30ITNH,TRR_30_TVC_FALL_HERO,30,16.51
1/23/20,1:58 AM,Local,527,Indianapolis,ITN,WNDY,Cops,Syndication,RRFALL30ITNH,TRR_30_TVC_FALL_HERO,30,16.51
1/23/20,11:11 PM,Local,512,Baltimore,ITN,WMAR,WMAR2 News 11PM,Syndication,RRFALL30ITNH,TRR_30_TVC_FALL_HERO,30,82.54
1/23/20,1:56 AM,Local,512,Baltimore,ITN,WMAR,Dateline,Syndication,RRFALL30ITNH,TRR_30_TVC_FALL_HERO,30,16.51
1/23/20,10:28 PM,Local,533,Hartford & New Haven,ITN,WCTX,News 8 10pm,Syndication,RRFALL30ITNH,TRR_30_TVC_FALL_HERO,30,49.52
1/23/20,11:34 PM,Local,515,Cincinnati,ITN,WCPO,9 On Your Side,Syndication,RRFALL30ITNH,TRR_30_TVC_FALL_HERO,30,99.04
1/23/20,10:56 PM,Local,515,Cincinnati,ITN,WXIX,FOX19 NOW at 10,Syndication,RRFALL30ITNH,TRR_30_TVC_FALL_HERO,30,132.06
1/23/20,1:43 AM,Local,635,Austin,ITN,KBVO,DailyMailTV,Syndication,RRFALL30ITNH,TRR_30_TVC_FALL_HERO,30,0
1/23/20,12:23 AM,Local,544,Norfolk-Portsmth-Newpt,ITN,WSKY,Impractical,Syndication,RRFALL30ITNH,TRR_30_TVC_FALL_HERO,30,0
1/23/20,10:30 PM,Local,650,Oklahoma City,ITN,KOKH,Last Man,Syndication,RRFALL30ITNH,TRR_30_TVC_FALL_HERO,30,49.52
1/23/20,12:51 AM,Local,563,Grand Rapids-Kalmzoo-B.,ITN,WZZM,Nightline,Syndication,RRFALL30ITNH,TRR_30_TVC_FALL_HERO,30,16.51
1/23/20,9:46 PM,Local,790,Albuquerque-Santa Fe,ITN,KASY,News 13 KASY,Syndication,RRFALL30ITNH,TRR_30_TVC_FALL_HERO,30,16.51
1/23/20,11:26 PM,Local,518,Greensboro-H.Point-W.Sa,ITN,WCWG,How I Met Your,Syndication,RRFALL30ITNH,TRR_30_TVC_FALL_HERO,30,0
1/23/20,12:56 AM,Local,518,Greensboro-H.Point-W.Sa,ITN,WCWG,King of Queens,Syndication,RRFALL30ITNH,TRR_30_TVC_FALL_HERO,30,0
1/23/20,1:25 AM,Local,518,Greensboro-H.Point-W.Sa,ITN,WFMY,Late Late Show,Syndication,RRFALL30ITNH,TRR_30_TVC_FALL_HERO,30,16.51
1/23/20,10:15 PM,Local,518,Greensboro-H.Point-W.Sa,ITN,WMYV,Law Order CI,Syndication,RRFALL30ITNH,TRR_30_TVC_FALL_HERO,30,16.51
1/23/20,1:12 AM,Local,518,Greensboro-H.Point-W.Sa,ITN,WMYV,Two Half Men,Syndication,RRFALL30ITNH,TRR_30_TVC_FALL_HERO,30,16.51
1/23/20,9:38 PM,Local,640,Memphis,ITN,WHBQ,Fox 13 News9PM,Syndication,RRFALL30ITNH,TRR_30_TVC_FALL_HERO,30,115.55
1/23/20,9:45 PM,Local,640,Memphis,ITN,WLMT,CW30 News at 9,Syndication,RRFALL30ITNH,TRR_30_TVC_FALL_HERO,30,49.52
1/23/20,1:59 AM,Local,514,Buffalo,ITN,WNLO,Cops,Syndication,RRFALL30ITNH,TRR_30_TVC_FALL_HERO,30,0
1/23/20,10:57 PM,Local,556,Richmond-Petersburg,ITN,WRLH,Local NwsSpcl,Syndication,RRFALL30ITNH,TRR_30_TVC_FALL_HERO,30,33.01
1/23/20,1:38 AM,Local,556,Richmond-Petersburg,ITN,WUPV,Dateline,Syndication,RRFALL30ITNH,TRR_30_TVC_FALL_HERO,30,0
1/23/20,1:52 AM,Local,521,Providence-New Bedford,ITN,WLNE,Verdict With,Syndication,RRFALL30ITNH,TRR_30_TVC_FALL_HERO,30,0
1/23/20,9:46 PM,Local,557,Knoxville,ITN,WKNX,The Simpsons,Syndication,RRFALL30ITNH,TRR_30_TVC_FALL_HERO,30,0
1/23/20,12:21 AM,Local,789,Tucson (Sierra Vista),ITN,KWBA,Game,Syndication,RRFALL30ITNH,TRR_30_TVC_FALL_HERO,30,0
1/23/20,10:21 PM,Local,744,Honolulu,ITN,KITV,KITV Island,Syndication,RRFALL30ITNH,TRR_30_TVC_FALL_HERO,30,33.01
1/23/20,12:04 AM,Local,881,Spokane,ITN,KAYU,Live PD Police,Syndication,RRFALL30ITNH,TRR_30_TVC_FALL_HERO,30,16.51
1/23/20,12:50 AM,Local,678,Wichita-Hutchinson Plus,ITN,KSAS,Mike & Molly,Syndication,RRFALL30ITNH,TRR_30_TVC_FALL_HERO,30,16.51
1/23/20,10:34 PM,Local,691,Huntsville-Decatur (Flo,ITN,WAAY,WAAY 31 News 10,Syndication,RRFALL30ITNH,TRR_30_TVC_FALL_HERO,30,33.01
1/23/20,12:30 AM,Local,691,Huntsville-Decatur (Flo,ITN,WAAY,WAAY 31 News 10,Syndication,RRFALL30ITNH,TRR_30_TVC_FALL_HERO,30,0
1/23/20,9:28 PM,Local,632,Paducah-C.Gird-Harbg-Mt,ITN,WDKA,News 9 FOX23,Syndication,RRFALL30ITNH,TRR_30_TVC_FALL_HERO,30,16.51
1/23/20,10:56 PM,Local,632,Paducah-C.Gird-Harbg-Mt,ITN,WDKA,DailyMailTV,Syndication,RRFALL30ITNH,TRR_30_TVC_FALL_HERO,30,0
1/23/20,9:28 PM,Local,648,Champaign&Sprngfld-Deca,ITN,WBUI,FOX Champaign,Syndication,RRFALL30ITNH,TRR_30_TVC_FALL_HERO,30,0
1/23/20,1:05 AM,Local,507,Savannah,ITN,WJCL,Nightline,Syndication,RRFALL30ITNH,TRR_30_TVC_FALL_HERO,30,0
1/23/20,11:54 PM,Local,670,Ft. Smith-Fay-Sprngdl-R,ITN,KXNW,Dish Nation,Syndication,RRFALL30ITNH,TRR_30_TVC_FALL_HERO,30,0
1/23/20,9:19 PM,Local,757,Boise,ITN,KNIN,FOX 9 News at 9,Syndication,RRFALL30ITNH,TRR_30_TVC_FALL_HERO,30,33.01
1/23/20,1:52 AM,Local,682,Davenport-R.Island-Moli,ITN,KLJB,Judge Jerry,Syndication,RRFALL30ITNH,TRR_30_TVC_FALL_HERO,30,16.51
1/23/20,11:13 PM,Local,530,Tallahassee-Thomasville,ITN,WTXL,ABC 27 News,Syndication,RRFALL30ITNH,TRR_30_TVC_FALL_HERO,30,16.51
1/23/20,9:44 PM,Local,582,"Lafayette, LA",ITN,KADN,News 15 at 9,Syndication,RRFALL30ITNH,TRR_30_TVC_FALL_HERO,30,16.51
1/23/20,12:51 AM,Local,855,SantaBarbra-SanMar-SanL,ITN,KKFX,2 Broke Girls,Syndication,RRFALL30ITNH,TRR_30_TVC_FALL_HERO,30,0
1/23/20,9:58 PM,Local,634,Amarillo,ITN,KCIT,Fox 14 News 9,Syndication,RRFALL30ITNH,TRR_30_TVC_FALL_HERO,30,16.51
1/23/20,9:50 PM,Local,676,Duluth-Superior,ITN,KQDS,Fox 21 Local,Syndication,RRFALL30ITNH,TRR_30_TVC_FALL_HERO,30,16.51
1/23/20,9:36 PM,Local,633,Odessa-Midland,ITN,KPEJ,FOX 24 News 9,Syndication,RRFALL30ITNH,TRR_30_TVC_FALL_HERO,30,0
1/23/20,12:56 AM,Local,687,Minot-Bismarck-Dickinso,ITN,KBMY,Extra,Syndication,RRFALL30ITNH,TRR_30_TVC_FALL_HERO,30,0
1/23/20,12:10 AM,Local,627,Wichita Falls & Lawton,ITN,KAUZ,Late Late Show,Syndication,RRFALL30ITNH,TRR_30_TVC_FALL_HERO,30,0
1/23/20,10:40 PM,Local,627,Wichita Falls & Lawton,ITN,KJBO,Celebrity Page,Syndication,RRFALL30ITNH,TRR_30_TVC_FALL_HERO,30,0
1/23/20,1:24 AM,Local,554,Wheeling-Steubenville,ITN,WTRF,Late Late Show,Syndication,RRFALL30ITNH,TRR_30_TVC_FALL_HERO,30,0
1/23/20,9:54 PM,Local,662,Abilene-Sweetwater,ITN,KXVA,West Texas Live,Syndication,RRFALL30ITNH,TRR_30_TVC_FALL_HERO,30,0
1/24/20,1:24 AM,Local,501,New York,ITN,WWOR,Live PD Police,Syndication,RRFALL30ITNH,TRR_30_TVC_FALL_HERO,30,16.51
1/24/20,1:29 AM,Local,501,New York,ITN,WWOR,Live PD Police,Syndication,RRFALL30ITNH,TRR_30_TVC_FALL_HERO,30,16.51
1/24/20,9:25 PM,Local,803,Los Angeles,ITN,KCAL,KCAL 9 News,Syndication,RRFALL30ITNH,TRR_30_TVC_FALL_HERO,30,577.75
1/24/20,12:36 AM,Local,602,Chicago,ITN,WCIU,Bobs Burgers,Syndication,RRFALL30ITNH,TRR_30_TVC_FALL_HERO,30,0
1/24/20,1:51 AM,Local,602,Chicago,ITN,WCIU,Game,Syndication,RRFALL30ITNH,TRR_30_TVC_FALL_HERO,30,16.51
1/24/20,1:59 AM,Local,807,San Francisco-Oak-San J,ITN,KOFY,Cops,Syndication,RRFALL30ITNH,TRR_30_TVC_FALL_HERO,30,0
1/24/20,1:14 AM,Local,511,"Washington, DC (Hagrstw",ITN,WDCW,2 Broke Girls,Syndication,RRFALL30ITNH,TRR_30_TVC_FALL_HERO,30,33.01
1/24/20,12:15 AM,Local,618,Houston,ITN,KUBE,Impractical,Syndication,RRFALL30ITNH,TRR_30_TVC_FALL_HERO,30,0
1/24/20,1:13 AM,Local,524,Atlanta,ITN,WAGA,Fox 5 News 1000,Syndication,RRFALL30ITNH,TRR_30_TVC_FALL_HERO,30,0
1/24/20,1:58 AM,Local,524,Atlanta,ITN,WAGA,Fox 5 News 1000,Syndication,RRFALL30ITNH,TRR_30_TVC_FALL_HERO,30,165.07
1/24/20,12:50 AM,Local,753,Phoenix,ITN,KAZT,Cops,Syndication,RRFALL30ITNH,TRR_30_TVC_FALL_HERO,30,0
1/24/20,1:47 AM,Local,819,Seattle-Tacoma,ITN,KONG,Real,Syndication,RRFALL30ITNH,TRR_30_TVC_FALL_HERO,30,16.51
1/24/20,12:43 AM,Local,613,Minneapolis-St. Paul,ITN,WFTC,25 Words Or Les,Syndication,RRFALL30ITNH,TRR_30_TVC_FALL_HERO,30,0
1/24/20,1:50 AM,Local,751,Denver,ITN,KCDO,Doctors,Syndication,RRFALL30ITNH,TRR_30_TVC_FALL_HERO,30,0
1/24/20,1:21 AM,Local,862,Sacramento-Stktn-Modest,ITN,KQCA,CSI Miami,Syndication,RRFALL30ITNH,TRR_30_TVC_FALL_HERO,30,66.03
1/24/20,11:23 PM,Local,820,"Portland, OR",ITN,KPDX,Bobs Burgers,Syndication,RRFALL30ITNH,TRR_30_TVC_FALL_HERO,30,99.04
1/24/20,10:11 PM,Local,609,St. Louis,ITN,KTVI,FOX 2 News,Syndication,RRFALL30ITNH,TRR_30_TVC_FALL_HERO,30,181.58
1/24/20,11:31 PM,Local,515,Cincinnati,ITN,WCPO,9 On Your Side,Syndication,RRFALL30ITNH,TRR_30_TVC_FALL_HERO,30,99.04
1/24/20,10:37 PM,Local,515,Cincinnati,ITN,WXIX,FOX19 NOW at 10,Syndication,RRFALL30ITNH,TRR_30_TVC_FALL_HERO,30,132.06
1/24/20,10:33 PM,Local,630,Birmingham,ITN,WVTM,WVTM 13 News,Syndication,RRFALL30ITNH,TRR_30_TVC_FALL_HERO,30,49.52
1/24/20,1:03 AM,Local,563,Grand Rapids-Kalmzoo-B.,ITN,WZZM,Nightline,Syndication,RRFALL30ITNH,TRR_30_TVC_FALL_HERO,30,16.51
1/24/20,9:20 PM,Local,790,Albuquerque-Santa Fe,ITN,KASY,News 13 KASY,Syndication,RRFALL30ITNH,TRR_30_TVC_FALL_HERO,30,16.51
1/24/20,1:13 AM,Local,566,Harrisburg-Lncstr-Leb-Y,ITN,EPMT,Becker,Syndication,RRFALL30ITNH,TRR_30_TVC_FALL_HERO,30,0
1/24/20,1:18 AM,Local,529,Louisville,ITN,WHAS,ET,Syndication,RRFALL30ITNH,TRR_30_TVC_FALL_HERO,30,16.51
1/24/20,12:34 AM,Local,518,Greensboro-H.Point-W.Sa,ITN,WFMY,Late Show With,Syndication,RRFALL30ITNH,TRR_30_TVC_FALL_HERO,30,33.01
1/24/20,1:14 AM,Local,518,Greensboro-H.Point-W.Sa,ITN,WFMY,Late Late Show,Syndication,RRFALL30ITNH,TRR_30_TVC_FALL_HERO,30,16.51
1/24/20,9:38 PM,Local,640,Memphis,ITN,WHBQ,Fox 13 News9PM,Syndication,RRFALL30ITNH,TRR_30_TVC_FALL_HERO,30,115.55
1/24/20,1:39 AM,Local,514,Buffalo,ITN,WNLO,Cops,Syndication,RRFALL30ITNH,TRR_30_TVC_FALL_HERO,30,0
1/24/20,1:59 AM,Local,556,Richmond-Petersburg,ITN,WUPV,Dateline,Syndication,RRFALL30ITNH,TRR_30_TVC_FALL_HERO,30,0
1/24/20,1:18 AM,Local,532,Albany-Schenectady-Troy,ITN,WCWN,DailyMailTV,Syndication,RRFALL30ITNH,TRR_30_TVC_FALL_HERO,30,16.51
1/24/20,11:34 PM,Local,577,Wilkes Barre-Scranton,ITN,WBRE,Tonight Show,Syndication,RRFALL30ITNH,TRR_30_TVC_FALL_HERO,30,33.01
1/24/20,12:52 AM,Local,693,Little Rock-Pine Bluff,ITN,KARZ,Bobs Burgers,Syndication,RRFALL30ITNH,TRR_30_TVC_FALL_HERO,30,16.51
1/24/20,1:56 AM,Local,542,Dayton,ITN,WKEF,Chicago PD,Syndication,RRFALL30ITNH,TRR_30_TVC_FALL_HERO,30,0
1/24/20,9:23 PM,Local,541,Lexington,ITN,ETVQ,CSI Miami,Syndication,RRFALL30ITNH,TRR_30_TVC_FALL_HERO,30,0
1/24/20,10:27 PM,Local,541,Lexington,ITN,WDKY,Fox 56 10,Syndication,RRFALL30ITNH,TRR_30_TVC_FALL_HERO,30,66.03
1/24/20,10:59 PM,Local,541,Lexington,ITN,WDKY,DailyMailTV,Syndication,RRFALL30ITNH,TRR_30_TVC_FALL_HERO,30,66.03
1/24/20,10:20 PM,Local,744,Honolulu,ITN,KITV,KITV Island,Syndication,RRFALL30ITNH,TRR_30_TVC_FALL_HERO,30,33.01
1/24/20,12:41 AM,Local,744,Honolulu,ITN,KITV,Personal Injury,Syndication,RRFALL30ITNH,TRR_30_TVC_FALL_HERO,30,0
1/24/20,10:34 PM,Local,538,"Rochester, NY",ITN,WUHF,13WHAM News 10,Syndication,RRFALL30ITNH,TRR_30_TVC_FALL_HERO,30,33.01
1/24/20,10:32 PM,Local,691,Huntsville-Decatur (Flo,ITN,WAAY,WAAY 31 News 10,Syndication,RRFALL30ITNH,TRR_30_TVC_FALL_HERO,30,33.01
1/24/20,12:28 AM,Local,691,Huntsville-Decatur (Flo,ITN,WAAY,WAAY 31 News 10,Syndication,RRFALL30ITNH,TRR_30_TVC_FALL_HERO,30,0
1/24/20,11:54 PM,Local,500,Portland-Auburn,ITN,WPXT,Last Man,Syndication,RRFALL30ITNH,TRR_30_TVC_FALL_HERO,30,0
1/24/20,1:38 AM,Local,547,Toledo,ITN,WUPW,Live PD Police,Syndication,RRFALL30ITNH,TRR_30_TVC_FALL_HERO,30,16.51
1/24/20,11:36 PM,Local,636,Harlingen-Wslco-Brnsvl-,ITN,KGBT,Late Show With,Syndication,RRFALL30ITNH,TRR_30_TVC_FALL_HERO,30,16.51
1/24/20,9:00 PM,Local,632,Paducah-C.Gird-Harbg-Mt,ITN,WDKA,News 9 FOX23,Syndication,RRFALL30ITNH,TRR_30_TVC_FALL_HERO,30,16.51
1/24/20,9:38 PM,Local,632,Paducah-C.Gird-Harbg-Mt,ITN,WDKA,News 9 FOX23,Syndication,RRFALL30ITNH,TRR_30_TVC_FALL_HERO,30,16.51
1/24/20,1:03 AM,Local,507,Savannah,ITN,WJCL,Nightline,Syndication,RRFALL30ITNH,TRR_30_TVC_FALL_HERO,30,0
1/24/20,1:22 AM,Local,575,Chattanooga,ITN,WDEF,Late Late Show,Syndication,RRFALL30ITNH,TRR_30_TVC_FALL_HERO,30,0
1/24/20,1:45 AM,Local,716,Baton Rouge,ITN,WVLA,Today w H and J,Syndication,RRFALL30ITNH,TRR_30_TVC_FALL_HERO,30,0
1/24/20,11:54 PM,Local,670,Ft. Smith-Fay-Sprngdl-R,ITN,KXNW,Dish Nation,Syndication,RRFALL30ITNH,TRR_30_TVC_FALL_HERO,30,0
1/24/20,9:32 PM,Local,757,Boise,ITN,KNIN,FOX 9 News at 9,Syndication,RRFALL30ITNH,TRR_30_TVC_FALL_HERO,30,33.01
1/24/20,1:46 AM,Local,682,Davenport-R.Island-Moli,ITN,KLJB,Judge Jerry,Syndication,RRFALL30ITNH,TRR_30_TVC_FALL_HERO,30,16.51
1/24/20,10:23 PM,Local,722,Lincoln & Hstngs-Krny P,ITN,KSNB,Local4 News 10,Syndication,RRFALL30ITNH,TRR_30_TVC_FALL_HERO,30,16.51
1/24/20,11:33 PM,Local,530,Tallahassee-Thomasville,ITN,WTXL,ABC 27 News,Syndication,RRFALL30ITNH,TRR_30_TVC_FALL_HERO,30,16.51
1/24/20,10:29 PM,Local,724,Fargo-Valley City,ITN,WDAY,WDAY News at 10,Syndication,RRFALL30ITNH,TRR_30_TVC_FALL_HERO,30,49.52
1/24/20,1:35 AM,Local,724,Fargo-Valley City,ITN,WDAY,WDAY News,Syndication,RRFALL30ITNH,TRR_30_TVC_FALL_HERO,30,16.51
1/24/20,9:33 PM,Local,582,"Lafayette, LA",ITN,KADN,News 15 at 9,Syndication,RRFALL30ITNH,TRR_30_TVC_FALL_HERO,30,16.51
1/24/20,9:23 PM,Local,605,Topeka,ITN,KTMJ,Fox 43 News 9,Syndication,RRFALL30ITNH,TRR_30_TVC_FALL_HERO,30,16.51
1/24/20,9:48 PM,Local,633,Odessa-Midland,ITN,KPEJ,FOX 24 News 9,Syndication,RRFALL30ITNH,TRR_30_TVC_FALL_HERO,30,0
1/24/20,10:38 PM,Local,627,Wichita Falls & Lawton,ITN,KJBO,Celebrity Page,Syndication,RRFALL30ITNH,TRR_30_TVC_FALL_HERO,30,0
1/24/20,9:27 PM,Local,662,Abilene-Sweetwater,ITN,KXVA,West Texas Live,Syndication,RRFALL30ITNH,TRR_30_TVC_FALL_HERO,30,0