Date,CreativeID,Time Zone,MarketCode,MarketName,Network,Station,Program Aired,Air Type,CreativeID,CreativeName,CreativeLength,Spend
11/28/2019,12:21 AM,Local,2270,Davenport-Rock Island-Moline-Q,BBGRS,K G C W - T V                 ,BOB'S BURGERS                 ,Syndication                   ,RRFALL30BBH  ,TRR_30_TVC_FALL_HERO                                        ,30,0
11/28/2019,12:21 AM,Local,2780,Fresno-Visalia                ,BBGRS,K A I L - T V                 ,BOB'S BURGERS                 ,Syndication                   ,RRFALL30BBH  ,TRR_30_TVC_FALL_HERO                                        ,30,0
11/28/2019,12:21 AM,Local,2950,Green Bay-Appleton            ,BBGRS,W A C Y - T V                 ,BOB'S BURGERS                 ,Syndication                   ,RRFALL30BBH  ,TRR_30_TVC_FALL_HERO                                        ,30,0
11/28/2019,12:21 AM,Local,3620,Little Rock                   ,BBGRS,K A R Z - T V                 ,BOB'S BURGERS                 ,Syndication                   ,RRFALL30BBH  ,TRR_30_TVC_FALL_HERO                                        ,30,0
11/28/2019,12:21 AM,Local,5230,San Francisco-Oakland-San Jose,BBGRS,K B C W - T V                 ,BOB'S BURGERS                 ,Syndication                   ,RRFALL30BBH  ,TRR_30_TVC_FALL_HERO                                        ,30,0
11/28/2019,12:21 AM,Local,5810,Tulsa                         ,BBGRS,K M Y T - T V                 ,BOB'S BURGERS                 ,Syndication                   ,RRFALL30BBH  ,TRR_30_TVC_FALL_HERO                                        ,30,0
11/28/2019,12:21 AM,Local,6070,Wilkes Barre-Scranton         ,BBGRS,W S W B - T V                 ,BOB'S BURGERS                 ,Syndication                   ,RRFALL30BBH  ,TRR_30_TVC_FALL_HERO                                        ,30,0
11/28/2019,12:23 AM,Local,1900,Charlotte                     ,BBGRS,W A X N - T V                 ,BOB'S BURGERS                 ,Syndication                   ,RRFALL30BBH  ,TRR_30_TVC_FALL_HERO                                        ,30,0
11/28/2019,12:51 AM,Local,1200,Austin                        ,BBGRS,K N V A - T V                 ,BOB'S BURGERS                 ,Syndication                   ,RRFALL30BBH  ,TRR_30_TVC_FALL_HERO                                        ,30,0
11/28/2019,12:51 AM,Local,2280,Dayton                        ,BBGRS,W B D T - T V                 ,BOB'S BURGERS                 ,Syndication                   ,RRFALL30BBH  ,TRR_30_TVC_FALL_HERO                                        ,30,0
11/28/2019,12:51 AM,Local,2780,Fresno-Visalia                ,BBGRS,K A I L - T V                 ,BOB'S BURGERS                 ,Syndication                   ,RRFALL30BBH  ,TRR_30_TVC_FALL_HERO                                        ,30,0
11/28/2019,12:51 AM,Local,2950,Green Bay-Appleton            ,BBGRS,W A C Y - T V                 ,BOB'S BURGERS                 ,Syndication                   ,RRFALL30BBH  ,TRR_30_TVC_FALL_HERO                                        ,30,0
11/28/2019,12:51 AM,Local,3620,Little Rock                   ,BBGRS,K A R Z - T V                 ,BOB'S BURGERS                 ,Syndication                   ,RRFALL30BBH  ,TRR_30_TVC_FALL_HERO                                        ,30,0
11/28/2019,12:51 AM,Local,4240,Nashville                     ,BBGRS,W N A B - T V                 ,BOB'S BURGERS                 ,Syndication                   ,RRFALL30BBH  ,TRR_30_TVC_FALL_HERO                                        ,30,0
11/28/2019,12:51 AM,Local,4630,Philadelphia                  ,BBGRS,W P S G - T V                 ,BOB'S BURGERS                 ,Syndication                   ,RRFALL30BBH  ,TRR_30_TVC_FALL_HERO                                        ,30,0
11/28/2019,12:51 AM,Local,5140,San Antonio                   ,BBGRS,K M Y S - T V                 ,BOB'S BURGERS                 ,Syndication                   ,RRFALL30BBH  ,TRR_30_TVC_FALL_HERO                                        ,30,0
11/28/2019,12:51 AM,Local,5650,Tampa-St. Petersburg          ,BBGRS,W M O R -T V                  ,BOB'S BURGERS                 ,Syndication                   ,RRFALL30BBH  ,TRR_30_TVC_FALL_HERO                                        ,30,0
11/28/2019,12:51 AM,Local,6070,Wilkes Barre-Scranton         ,BBGRS,W S W B - T V                 ,BOB'S BURGERS                 ,Syndication                   ,RRFALL30BBH  ,TRR_30_TVC_FALL_HERO                                        ,30,0
11/28/2019,12:52 AM,Local,1950,Chicago                       ,BBGRS,W C I U - T V                 ,BOB'S BURGERS                 ,Syndication                   ,RRFALL30BBH  ,TRR_30_TVC_FALL_HERO                                        ,30,0
11/28/2019,12:52 AM,Local,3370,Kansas City                   ,BBGRS,K M C I - T V                 ,BOB'S BURGERS                 ,Syndication                   ,RRFALL30BBH  ,TRR_30_TVC_FALL_HERO                                        ,30,0
11/28/2019,12:53 AM,Local,5400,Seattle-Tacoma                ,BBGRS,K S T W - T V                 ,BOB'S BURGERS                 ,Syndication                   ,RRFALL30BBH  ,TRR_30_TVC_FALL_HERO                                        ,30,0
11/28/2019,12:54 AM,Local,1900,Charlotte                     ,BBGRS,W A X N - T V                 ,BOB'S BURGERS                 ,Syndication                   ,RRFALL30BBH  ,TRR_30_TVC_FALL_HERO                                        ,30,0
11/28/2019, 1:20 AM,Local,4560,Paducah-Cape Girardeau-Harrisb,BBGRS,W D K A - T V                 ,BOB'S BURGERS                 ,Syndication                   ,RRFALL30BBH  ,TRR_30_TVC_FALL_HERO                                        ,30,0
11/28/2019, 1:21 AM,Local,1200,Austin                        ,BBGRS,K N V A - T V                 ,BOB'S BURGERS                 ,Syndication                   ,RRFALL30BBH  ,TRR_30_TVC_FALL_HERO                                        ,30,0
11/28/2019, 1:21 AM,Local,1700,Boston                        ,BBGRS,W L V I - T V                 ,BOB'S BURGERS                 ,Syndication                   ,RRFALL30BBH  ,TRR_30_TVC_FALL_HERO                                        ,30,0
11/28/2019, 1:21 AM,Local,3960,Miami-Ft. Lauderdale          ,BBGRS,W B F S - T V                 ,BOB'S BURGERS                 ,Syndication                   ,RRFALL30BBH  ,TRR_30_TVC_FALL_HERO                                        ,30,0
11/28/2019, 1:21 AM,Local,5230,San Francisco-Oakland-San Jose,BBGRS,K B C W - T V                 ,BOB'S BURGERS                 ,Syndication                   ,RRFALL30BBH  ,TRR_30_TVC_FALL_HERO                                        ,30,0
11/28/2019, 1:21 AM,Local,5520,Champaign & Springfield-Decatu,BBGRS,W B U I - T V                 ,BOB'S BURGERS                 ,Syndication                   ,RRFALL30BBH  ,TRR_30_TVC_FALL_HERO                                        ,30,0
11/28/2019, 1:21 AM,Local,5650,Tampa-St. Petersburg          ,BBGRS,W M O R -T V                  ,BOB'S BURGERS                 ,Syndication                   ,RRFALL30BBH  ,TRR_30_TVC_FALL_HERO                                        ,30,0
11/28/2019, 1:22 AM,Local,3370,Kansas City                   ,BBGRS,K M C I - T V                 ,BOB'S BURGERS                 ,Syndication                   ,RRFALL30BBH  ,TRR_30_TVC_FALL_HERO                                        ,30,0
11/28/2019, 1:50 AM,Local,1020,Albany-Schenectady-Troy       ,BBGRS,W N Y A - T V                 ,BOB'S BURGERS                 ,Syndication                   ,RRFALL30BBH  ,TRR_30_TVC_FALL_HERO                                        ,30,0
11/28/2019, 1:51 AM,Local,1180,Atlanta                       ,BBGRS,W U P A - T V                 ,BOB'S BURGERS                 ,Syndication                   ,RRFALL30BBH  ,TRR_30_TVC_FALL_HERO                                        ,30,0
11/28/2019, 1:51 AM,Local,1700,Boston                        ,BBGRS,W L V I - T V                 ,BOB'S BURGERS                 ,Syndication                   ,RRFALL30BBH  ,TRR_30_TVC_FALL_HERO                                        ,30,0
11/28/2019, 1:51 AM,Local,1880,Charleston-Huntington         ,BBGRS,W Q C W - T V                 ,BOB'S BURGERS                 ,Syndication                   ,RRFALL30BBH  ,TRR_30_TVC_FALL_HERO                                        ,30,0
11/28/2019, 1:51 AM,Local,2220,Dallas-Ft. Worth              ,BBGRS,K D A F - T V                 ,BOB'S BURGERS                 ,Syndication                   ,RRFALL30BBH  ,TRR_30_TVC_FALL_HERO                                        ,30,0
11/28/2019, 1:51 AM,Local,3960,Miami-Ft. Lauderdale          ,BBGRS,W B F S - T V                 ,BOB'S BURGERS                 ,Syndication                   ,RRFALL30BBH  ,TRR_30_TVC_FALL_HERO                                        ,30,0
11/28/2019, 1:51 AM,Local,4090,Mobile-Pensacola              ,BBGRS,W J T C - T V                 ,BOB'S BURGERS                 ,Syndication                   ,RRFALL30BBH  ,TRR_30_TVC_FALL_HERO                                        ,30,0
11/28/2019, 1:51 AM,Local,4560,Paducah-Cape Girardeau-Harrisb,BBGRS,W D K A - T V                 ,BOB'S BURGERS                 ,Syndication                   ,RRFALL30BBH  ,TRR_30_TVC_FALL_HERO                                        ,30,0
11/28/2019, 1:51 AM,Local,4720,"Portland-Auburn, ME           ",BBGRS,W P X T - T V                 ,BOB'S BURGERS                 ,Syndication                   ,RRFALL30BBH  ,TRR_30_TVC_FALL_HERO                                        ,30,0
11/28/2019, 1:51 AM,Local,4830,Raleigh-Durham                ,BBGRS,W R D C - T V                 ,BOB'S BURGERS                 ,Syndication                   ,RRFALL30BBH  ,TRR_30_TVC_FALL_HERO                                        ,30,0
11/28/2019, 1:52 AM,Local,1050,Albuquerque                   ,BBGRS,K A S Y - T V                 ,BOB'S BURGERS                 ,Syndication                   ,RRFALL30BBH  ,TRR_30_TVC_FALL_HERO                                        ,30,0
11/28/2019, 1:56 AM,Local,2310,Denver                        ,BBGRS,K W G N - T V                 ,BOB'S BURGERS                 ,Syndication                   ,RRFALL30BBH  ,TRR_30_TVC_FALL_HERO                                        ,30,0
11/28/2019, 2:20 AM,Local,1020,Albany-Schenectady-Troy       ,BBGRS,W N Y A - T V                 ,BOB'S BURGERS                 ,Syndication                   ,RRFALL30BBH  ,TRR_30_TVC_FALL_HERO                                        ,30,0
11/28/2019, 2:21 AM,Local,1440,Baltimore                     ,BBGRS,W N U V - T V                 ,BOB'S BURGERS                 ,Syndication                   ,RRFALL30BBH  ,TRR_30_TVC_FALL_HERO                                        ,30,0
11/28/2019, 2:21 AM,Local,1880,Charleston-Huntington         ,BBGRS,W Q C W - T V                 ,BOB'S BURGERS                 ,Syndication                   ,RRFALL30BBH  ,TRR_30_TVC_FALL_HERO                                        ,30,0
11/28/2019, 2:21 AM,Local,2010,Cincinnati                    ,BBGRS,EKRC TV                       ,BOB'S BURGERS                 ,Syndication                   ,RRFALL30BBH  ,TRR_30_TVC_FALL_HERO                                        ,30,0
11/28/2019, 2:21 AM,Local,4040,Minneapolis-St. Paul          ,BBGRS,K S T C - T V                 ,BOB'S BURGERS                 ,Syndication                   ,RRFALL30BBH  ,TRR_30_TVC_FALL_HERO                                        ,30,0
11/28/2019, 2:21 AM,Local,4520,Orlando-Daytona Beach-Melbourn,BBGRS,W K C F - T V                 ,BOB'S BURGERS                 ,Syndication                   ,RRFALL30BBH  ,TRR_30_TVC_FALL_HERO                                        ,30,0
11/28/2019, 2:21 AM,Local,4720,"Portland-Auburn, ME           ",BBGRS,W P X T - T V                 ,BOB'S BURGERS                 ,Syndication                   ,RRFALL30BBH  ,TRR_30_TVC_FALL_HERO                                        ,30,0
11/28/2019, 2:21 AM,Local,5630,Syracuse                      ,BBGRS,W N Y S - T V                 ,BOB'S BURGERS                 ,Syndication                   ,RRFALL30BBH  ,TRR_30_TVC_FALL_HERO                                        ,30,0
11/28/2019, 2:22 AM,Local,4780,Providence-New Bedford        ,BBGRS,W N A C - T V                 ,BOB'S BURGERS                 ,Syndication                   ,RRFALL30BBH  ,TRR_30_TVC_FALL_HERO                                        ,30,0
11/28/2019, 2:23 AM,Local,1050,Albuquerque                   ,BBGRS,K A S Y - T V                 ,BOB'S BURGERS                 ,Syndication                   ,RRFALL30BBH  ,TRR_30_TVC_FALL_HERO                                        ,30,0
11/28/2019, 2:51 AM,Local,1600,Birmingham                    ,BBGRS,W D B B - T V                 ,BOB'S BURGERS                 ,Syndication                   ,RRFALL30BBH  ,TRR_30_TVC_FALL_HERO                                        ,30,0
11/28/2019, 2:51 AM,Local,1600,Birmingham                    ,BBGRS,W T T O - T V                 ,BOB'S BURGERS                 ,Syndication                   ,RRFALL30BBH  ,TRR_30_TVC_FALL_HERO                                        ,30,0
11/28/2019, 2:51 AM,Local,1770,Buffalo                       ,BBGRS,W U T V - T V                 ,BOB'S BURGERS                 ,Syndication                   ,RRFALL30BBH  ,TRR_30_TVC_FALL_HERO                                        ,30,0
11/28/2019, 2:51 AM,Local,2010,Cincinnati                    ,BBGRS,EKRC TV                       ,BOB'S BURGERS                 ,Syndication                   ,RRFALL30BBH  ,TRR_30_TVC_FALL_HERO                                        ,30,0
11/28/2019, 2:51 AM,Local,4040,Minneapolis-St. Paul          ,BBGRS,K S T C - T V                 ,BOB'S BURGERS                 ,Syndication                   ,RRFALL30BBH  ,TRR_30_TVC_FALL_HERO                                        ,30,0
11/28/2019, 2:51 AM,Local,4520,Orlando-Daytona Beach-Melbourn,BBGRS,W K C F - T V                 ,BOB'S BURGERS                 ,Syndication                   ,RRFALL30BBH  ,TRR_30_TVC_FALL_HERO                                        ,30,0
11/28/2019, 2:51 AM,Local,5630,Syracuse                      ,BBGRS,W N Y S - T V                 ,BOB'S BURGERS                 ,Syndication                   ,RRFALL30BBH  ,TRR_30_TVC_FALL_HERO                                        ,30,0
11/28/2019, 2:51 AM,Local,5890,Waco-Temple-Bryan             ,BBGRS,K N C T - T V                 ,BOB'S BURGERS                 ,Syndication                   ,RRFALL30BBH  ,TRR_30_TVC_FALL_HERO                                        ,30,0
11/28/2019, 2:55 AM,Local,2160,"Columbus, OH                  ",BBGRS,W T T E - T V                 ,BOB'S BURGERS                 ,Syndication                   ,RRFALL30BBH  ,TRR_30_TVC_FALL_HERO                                        ,30,0
11/28/2019, 3:21 AM,Local,1600,Birmingham                    ,BBGRS,W T T O - T V                 ,BOB'S BURGERS                 ,Syndication                   ,RRFALL30BBH  ,TRR_30_TVC_FALL_HERO                                        ,30,0
11/28/2019, 3:21 AM,Local,2980,Greenville-Spartanburg-Ashevil,BBGRS,W Y C W - T V                 ,BOB'S BURGERS                 ,Syndication                   ,RRFALL30BBH  ,TRR_30_TVC_FALL_HERO                                        ,30,0
11/28/2019, 3:21 AM,Local,4370,New York                      ,BBGRS,W L N Y - T V                 ,BOB'S BURGERS                 ,Syndication                   ,RRFALL30BBH  ,TRR_30_TVC_FALL_HERO                                        ,30,0
11/28/2019, 3:21 AM,Local,6010,West Palm Beach-Ft. Pierce-Ver,BBGRS,W T V X - T V                 ,BOB'S BURGERS                 ,Syndication                   ,RRFALL30BBH  ,TRR_30_TVC_FALL_HERO                                        ,30,0
11/28/2019, 3:24 AM,Local,2160,"Columbus, OH                  ",BBGRS,W T T E - T V                 ,BOB'S BURGERS                 ,Syndication                   ,RRFALL30BBH  ,TRR_30_TVC_FALL_HERO                                        ,30,0
11/28/2019, 3:51 AM,Local,2980,Greenville-Spartanburg-Ashevil,BBGRS,W Y C W - T V                 ,BOB'S BURGERS                 ,Syndication                   ,RRFALL30BBH  ,TRR_30_TVC_FALL_HERO                                        ,30,0
11/28/2019, 3:51 AM,Local,4370,New York                      ,BBGRS,W L N Y - T V                 ,BOB'S BURGERS                 ,Syndication                   ,RRFALL30BBH  ,TRR_30_TVC_FALL_HERO                                        ,30,0
11/28/2019, 3:51 AM,Local,4630,Philadelphia                  ,BBGRS,W P S G - T V                 ,BOB'S BURGERS                 ,Syndication                   ,RRFALL30BBH  ,TRR_30_TVC_FALL_HERO                                        ,30,0
11/28/2019, 4:51 AM,Local,1770,Buffalo                       ,BBGRS,W N Y O - T V                 ,BOB'S BURGERS                 ,Syndication                   ,RRFALL30BBH  ,TRR_30_TVC_FALL_HERO                                        ,30,0
11/28/2019, 5:51 AM,Local,4240,Nashville                     ,BBGRS,W N A B - T V                 ,BOB'S BURGERS                 ,Syndication                   ,RRFALL30BBH  ,TRR_30_TVC_FALL_HERO                                        ,30,850
11/28/2019, 7:12 AM,Local,4970,Rochester-Mason City-Austin   ,EXP2 ,K X L T - T V                 ,XPLORATION WEIRD BUT TRUE     ,Syndication                   ,RRFALL30E2H  ,TRR_30_TVC_FALL_HERO                                        ,30,1360
11/28/2019, 7:13 AM,Local,3210,Huntsville-Decatur-Florence   ,EXP2 ,W Z D X - T V                 ,XPLORATION WEIRD BUT TRUE     ,Syndication                   ,RRFALL30E2H  ,TRR_30_TVC_FALL_HERO                                        ,30,0
11/28/2019, 7:13 AM,Local,4090,Mobile-Pensacola              ,EXP2 ,W J T C - T V                 ,XPLORATION DIY SCI            ,Syndication                   ,RRFALL30E2H  ,TRR_30_TVC_FALL_HERO                                        ,30,0
11/28/2019, 7:13 AM,Local,4580,Panama City                   ,EXP2 ,W P G X - T V                 ,XPLORATION WEIRD BUT TRUE     ,Syndication                   ,RRFALL30E2H  ,TRR_30_TVC_FALL_HERO                                        ,30,0
11/28/2019, 8:13 AM,Local,1690,Boise                         ,EXP2 ,K N I N - T V                 ,XPLORATION WEIRD BUT TRUE     ,Syndication                   ,RRFALL30E2H  ,TRR_30_TVC_FALL_HERO                                        ,30,0
11/28/2019, 8:13 AM,Local,6030,Wichita-Hutchinson            ,EXP2 ,K A A S - T V                 ,XPLORATION WEIRD BUT TRUE     ,Syndication                   ,RRFALL30E2H  ,TRR_30_TVC_FALL_HERO                                        ,30,0
11/28/2019, 8:13 AM,Local,6030,Wichita-Hutchinson            ,EXP2 ,K O C W - T V                 ,XPLORATION WEIRD BUT TRUE     ,Syndication                   ,RRFALL30E2H  ,TRR_30_TVC_FALL_HERO                                        ,30,0
11/28/2019, 8:13 AM,Local,6030,Wichita-Hutchinson            ,EXP2 ,K S A S - T V                 ,XPLORATION WEIRD BUT TRUE     ,Syndication                   ,RRFALL30E2H  ,TRR_30_TVC_FALL_HERO                                        ,30,0
11/28/2019, 9:13 AM,Local,5850,Utica                         ,EXP2 ,W F X V - T V                 ,JACK HANNA'S ANIMAL ADVENTURES,Syndication                   ,RRFALL30E2H  ,TRR_30_TVC_FALL_HERO                                        ,30,0
11/28/2019, 4:22 PM,Local,4050,Minot-Bismarck-Dickinson-Glend,BBGRS,K X M A - T V                 ,JUDGE JERRY                   ,Syndication                   ,RRFALL30BBH  ,TRR_30_TVC_FALL_HERO                                        ,30,0
11/28/2019, 4:52 PM,Local,4050,Minot-Bismarck-Dickinson-Glend,BBGRS,K X M A - T V                 ,JUDGE JERRY                   ,Syndication                   ,RRFALL30BBH  ,TRR_30_TVC_FALL_HERO                                        ,30,0
11/28/2019, 5:13 PM,Local,5420,Shreveport-Texarkana          ,EXP2 ,K M S S - T V                 ,XPLORATION NATURE KNOWS BEST  ,Syndication                   ,RRFALL30E2H  ,TRR_30_TVC_FALL_HERO                                        ,30,0
11/28/2019, 5:22 PM,Local,2400,Duluth-Superior               ,BBGRS,K D L H - T V                 ,BOB'S BURGERS                 ,Syndication                   ,RRFALL30BBH  ,TRR_30_TVC_FALL_HERO                                        ,30,0
11/28/2019, 5:22 PM,Local,3140,Houston                       ,BBGRS,K U B E - T V                 ,BOB'S BURGERS                 ,Syndication                   ,RRFALL30BBH  ,TRR_30_TVC_FALL_HERO                                        ,30,0
11/28/2019, 5:22 PM,Local,3750,Lubbock                       ,BBGRS,K L C W - T V                 ,BOB'S BURGERS                 ,Syndication                   ,RRFALL30BBH  ,TRR_30_TVC_FALL_HERO                                        ,30,0
11/28/2019, 5:22 PM,Local,3860,Harlingen-Wslco-Brownsville-Mc,BBGRS,X R I O - T V                 ,BOB'S BURGERS                 ,Syndication                   ,RRFALL30BBH  ,TRR_30_TVC_FALL_HERO                                        ,30,0
11/28/2019, 5:22 PM,Local,4050,Minot-Bismarck-Dickinson-Glend,BBGRS,K X M A - T V                 ,BOB'S BURGERS                 ,Syndication                   ,RRFALL30BBH  ,TRR_30_TVC_FALL_HERO                                        ,30,0
11/28/2019, 5:22 PM,Local,4190,Montgomery-Selma              ,BBGRS,W B M M - T V                 ,BOB'S BURGERS                 ,Syndication                   ,RRFALL30BBH  ,TRR_30_TVC_FALL_HERO                                        ,30,0
11/28/2019, 5:23 PM,Local,4050,Minot-Bismarck-Dickinson-Glend,BBGRS,K X M A - T V                 ,BOB'S BURGERS                 ,Syndication                   ,RRFALL30BBH  ,TRR_30_TVC_FALL_HERO                                        ,30,0
11/28/2019, 5:51 PM,Local,6030,Wichita-Hutchinson            ,BBGRS,K M T W - T V                 ,BOB'S BURGERS                 ,Syndication                   ,RRFALL30BBH  ,TRR_30_TVC_FALL_HERO                                        ,30,0
11/28/2019, 5:52 PM,Local,2400,Duluth-Superior               ,BBGRS,K D L H - T V                 ,BOB'S BURGERS                 ,Syndication                   ,RRFALL30BBH  ,TRR_30_TVC_FALL_HERO                                        ,30,0
11/28/2019, 5:52 PM,Local,3140,Houston                       ,BBGRS,K U B E - T V                 ,BOB'S BURGERS                 ,Syndication                   ,RRFALL30BBH  ,TRR_30_TVC_FALL_HERO                                        ,30,0
11/28/2019, 5:52 PM,Local,3750,Lubbock                       ,BBGRS,K L C W - T V                 ,BOB'S BURGERS                 ,Syndication                   ,RRFALL30BBH  ,TRR_30_TVC_FALL_HERO                                        ,30,0
11/28/2019, 5:52 PM,Local,3860,Harlingen-Wslco-Brownsville-Mc,BBGRS,X R I O - T V                 ,BOB'S BURGERS                 ,Syndication                   ,RRFALL30BBH  ,TRR_30_TVC_FALL_HERO                                        ,30,0
11/28/2019, 5:52 PM,Local,4050,Minot-Bismarck-Dickinson-Glend,BBGRS,K X M A - T V                 ,BOB'S BURGERS                 ,Syndication                   ,RRFALL30BBH  ,TRR_30_TVC_FALL_HERO                                        ,30,0
11/28/2019, 5:52 PM,Local,4190,Montgomery-Selma              ,BBGRS,W B M M - T V                 ,BOB'S BURGERS                 ,Syndication                   ,RRFALL30BBH  ,TRR_30_TVC_FALL_HERO                                        ,30,0
11/28/2019, 5:53 PM,Local,4050,Minot-Bismarck-Dickinson-Glend,BBGRS,K X M A - T V                 ,BOB'S BURGERS                 ,Syndication                   ,RRFALL30BBH  ,TRR_30_TVC_FALL_HERO                                        ,30,0
11/28/2019, 6:22 PM,Local,2870,Ft. Wayne                     ,BBGRS,W I S E - T V                 ,BOB'S BURGERS                 ,Syndication                   ,RRFALL30BBH  ,TRR_30_TVC_FALL_HERO                                        ,30,0
11/28/2019, 6:22 PM,Local,5640,Tallahassee-Thomasville       ,BBGRS,W T L F - T V                 ,BOB'S BURGERS                 ,Syndication                   ,RRFALL30BBH  ,TRR_30_TVC_FALL_HERO                                        ,30,0
11/28/2019, 6:52 PM,Local,2870,Ft. Wayne                     ,BBGRS,W I S E - T V                 ,BOB'S BURGERS                 ,Syndication                   ,RRFALL30BBH  ,TRR_30_TVC_FALL_HERO                                        ,30,0
11/28/2019, 6:52 PM,Local,5640,Tallahassee-Thomasville       ,BBGRS,W T L F - T V                 ,BOB'S BURGERS                 ,Syndication                   ,RRFALL30BBH  ,TRR_30_TVC_FALL_HERO                                        ,30,0
11/28/2019, 8:21 PM,Local,4420,Norfolk-Portsmouth-Newport New,BBGRS,W S K Y - T V                 ,BOB'S BURGERS                 ,Syndication                   ,RRFALL30BBH  ,TRR_30_TVC_FALL_HERO                                        ,30,0
11/28/2019, 8:51 PM,Local,4420,Norfolk-Portsmouth-Newport New,BBGRS,W S K Y - T V                 ,BOB'S BURGERS                 ,Syndication                   ,RRFALL30BBH  ,TRR_30_TVC_FALL_HERO                                        ,30,0
11/28/2019, 9:52 PM,Local,4490,Oklahoma City                 ,BBGRS,K O C B - T V                 ,BOB'S BURGERS                 ,Syndication                   ,RRFALL30BBH  ,TRR_30_TVC_FALL_HERO                                        ,30,0
11/28/2019,10:51 PM,Local,4490,Oklahoma City                 ,BBGRS,K O C B - T V                 ,BOB'S BURGERS                 ,Syndication                   ,RRFALL30BBH  ,TRR_30_TVC_FALL_HERO                                        ,30,0
11/28/2019,10:51 PM,Local,4660,Phoenix                       ,BBGRS,K A S W - T V                 ,BOB'S BURGERS                 ,Syndication                   ,RRFALL30BBH  ,TRR_30_TVC_FALL_HERO                                        ,30,0
11/28/2019,10:51 PM,Local,5010,Sacramento-Stockton           ,BBGRS,K M A X - TV 31               ,BOB'S BURGERS                 ,Syndication                   ,RRFALL30BBH  ,TRR_30_TVC_FALL_HERO                                        ,30,0
11/28/2019,11:21 PM,Local,2350,Detroit                       ,BBGRS,W A D L - T V                 ,BOB'S BURGERS                 ,Syndication                   ,RRFALL30BBH  ,TRR_30_TVC_FALL_HERO                                        ,30,0
11/28/2019,11:21 PM,Local,4730,"Portland, OR                  ",BBGRS,K P D X - T V                 ,BOB'S BURGERS                 ,Syndication                   ,RRFALL30BBH  ,TRR_30_TVC_FALL_HERO                                        ,30,0
11/28/2019,11:21 PM,Local,5420,Shreveport-Texarkana          ,BBGRS,K P X J - T V                 ,BOB'S BURGERS                 ,Syndication                   ,RRFALL30BBH  ,TRR_30_TVC_FALL_HERO                                        ,30,0
11/28/2019,11:22 PM,Local,2590,Evansville                    ,BBGRS,W T V W - T V                 ,BOB'S BURGERS                 ,Syndication                   ,RRFALL30BBH  ,TRR_30_TVC_FALL_HERO                                        ,30,0
11/28/2019,11:23 PM,Local,4660,Phoenix                       ,BBGRS,K A S W - T V                 ,BOB'S BURGERS                 ,Syndication                   ,RRFALL30BBH  ,TRR_30_TVC_FALL_HERO                                        ,30,0
11/28/2019,11:23 PM,Local,5120,Salt Lake City                ,BBGRS,K J Z Z - T V                 ,BOB'S BURGERS                 ,Syndication                   ,RRFALL30BBH  ,TRR_30_TVC_FALL_HERO                                        ,30,0
11/28/2019,11:25 PM,Local,6010,West Palm Beach-Ft. Pierce-Ver,BBGRS,W T V X - T V                 ,BOB'S BURGERS                 ,Syndication                   ,RRFALL30BBH  ,TRR_30_TVC_FALL_HERO                                        ,30,0
11/28/2019,11:51 PM,Local,2040,Cleveland                     ,BBGRS,W U A B - T V                 ,BOB'S BURGERS                 ,Syndication                   ,RRFALL30BBH  ,TRR_30_TVC_FALL_HERO                                        ,30,0
11/28/2019,11:51 PM,Local,2270,Davenport-Rock Island-Moline-Q,BBGRS,K G C W - T V                 ,BOB'S BURGERS                 ,Syndication                   ,RRFALL30BBH  ,TRR_30_TVC_FALL_HERO                                        ,30,0
11/28/2019,11:51 PM,Local,2350,Detroit                       ,BBGRS,W A D L - T V                 ,BOB'S BURGERS                 ,Syndication                   ,RRFALL30BBH  ,TRR_30_TVC_FALL_HERO                                        ,30,0
11/28/2019,11:51 PM,Local,5810,Tulsa                         ,BBGRS,K M Y T - T V                 ,BOB'S BURGERS                 ,Syndication                   ,RRFALL30BBH  ,TRR_30_TVC_FALL_HERO                                        ,30,0
11/28/2019,11:53 PM,Local,5120,Salt Lake City                ,BBGRS,K J Z Z - T V                 ,BOB'S BURGERS                 ,Syndication                   ,RRFALL30BBH  ,TRR_30_TVC_FALL_HERO                                        ,30,0
11/28/2019,11:53 PM,Local,5400,Seattle-Tacoma                ,BBGRS,K S T W - T V                 ,BOB'S BURGERS                 ,Syndication                   ,RRFALL30BBH  ,TRR_30_TVC_FALL_HERO                                        ,30,0
11/30/2019, 4:13 AM,Local,5550,St. Louis                     ,EXP2 ,K T V I - T V                 ,XPLORATION NATURE KNOWS BEST  ,Syndication                   ,RRFALL30E2H  ,TRR_30_TVC_FALL_HERO                                        ,30,0
11/30/2019, 5:12 AM,Local,2310,Denver                        ,EXP2 ,K D V R - T V                 ,XPLORATION WEIRD BUT TRUE     ,Syndication                   ,RRFALL30E2H  ,TRR_30_TVC_FALL_HERO                                        ,30,0
11/30/2019, 5:12 AM,Local,2310,Denver                        ,EXP2 ,K F C T - T V                 ,XPLORATION WEIRD BUT TRUE     ,Syndication                   ,RRFALL30E2H  ,TRR_30_TVC_FALL_HERO                                        ,30,0
11/30/2019, 5:12 AM,Local,5010,Sacramento-Stockton           ,EXP2 ,K T X L - T V                 ,XPLORATION WEIRD BUT TRUE     ,Syndication                   ,RRFALL30E2H  ,TRR_30_TVC_FALL_HERO                                        ,30,0
11/30/2019, 5:13 AM,Local,3050,Harrisburg-York-Lancaster-Leba,EXP2 ,W P M T - T V                 ,XPLORATION WEIRD BUT TRUE     ,Syndication                   ,RRFALL30E2H  ,TRR_30_TVC_FALL_HERO                                        ,30,0
11/30/2019, 5:13 AM,Local,3330,Johnstown-Altoona             ,EXP2 ,W T A J - T V                 ,XPLORATION WEIRD BUT TRUE     ,Syndication                   ,RRFALL30E2H  ,TRR_30_TVC_FALL_HERO                                        ,30,0
11/30/2019, 5:13 AM,Local,4660,Phoenix                       ,EXP2 ,K S A Z - T V                 ,XPLORATION DIY SCI            ,Syndication                   ,RRFALL30E2H  ,TRR_30_TVC_FALL_HERO                                        ,30,0
11/30/2019, 5:13 AM,Local,5190,San Diego                     ,EXP2 ,K S W B - T V                 ,XPLORATION WEIRD BUT TRUE     ,Syndication                   ,RRFALL30E2H  ,TRR_30_TVC_FALL_HERO                                        ,30,0
11/30/2019, 5:13 AM,Local,5230,San Francisco-Oakland-San Jose,EXP2 ,K T V U - T V                 ,XPLORATION NATURE KNOWS BEST  ,Syndication                   ,RRFALL30E2H  ,TRR_30_TVC_FALL_HERO                                        ,30,0
11/30/2019, 5:13 AM,Local,5400,Seattle-Tacoma                ,EXP2 ,K C P Q - T V                 ,XPLORATION WEIRD BUT TRUE     ,Syndication                   ,RRFALL30E2H  ,TRR_30_TVC_FALL_HERO                                        ,30,0
11/30/2019, 5:42 AM,Local,4520,Orlando-Daytona Beach-Melbourn,EXP2 ,W O F L - T V                 ,XPLORATION WEIRD BUT TRUE     ,Syndication                   ,RRFALL30E2H  ,TRR_30_TVC_FALL_HERO                                        ,30,0
11/30/2019, 5:43 AM,Local,1700,Boston                        ,EXP2 ,W F X T - T V                 ,XPLORATION NATURE KNOWS BEST  ,Syndication                   ,RRFALL30E2H  ,TRR_30_TVC_FALL_HERO                                        ,30,0
11/30/2019, 5:43 AM,Local,2310,Denver                        ,EXP2 ,K D V R - T V                 ,XPLORATION NATURE KNOWS BEST  ,Syndication                   ,RRFALL30E2H  ,TRR_30_TVC_FALL_HERO                                        ,30,0
11/30/2019, 5:43 AM,Local,2310,Denver                        ,EXP2 ,K F C T - T V                 ,XPLORATION NATURE KNOWS BEST  ,Syndication                   ,RRFALL30E2H  ,TRR_30_TVC_FALL_HERO                                        ,30,0
11/30/2019, 5:43 AM,Local,3050,Harrisburg-York-Lancaster-Leba,EXP2 ,W P M T - T V                 ,XPLORATION NATURE KNOWS BEST  ,Syndication                   ,RRFALL30E2H  ,TRR_30_TVC_FALL_HERO                                        ,30,0
11/30/2019, 5:43 AM,Local,3680,Los Angeles                   ,EXP2 ,K T T V - T V                 ,XPLORATION NATURE KNOWS BEST  ,Syndication                   ,RRFALL30E2H  ,TRR_30_TVC_FALL_HERO                                        ,30,0
11/30/2019, 5:43 AM,Local,4040,Minneapolis-St. Paul          ,EXP2 ,K M S P - T V                 ,XPLORATION NATURE KNOWS BEST  ,Syndication                   ,RRFALL30E2H  ,TRR_30_TVC_FALL_HERO                                        ,30,0
11/30/2019, 5:43 AM,Local,4660,Phoenix                       ,EXP2 ,K S A Z - T V                 ,XPLORATION NATURE KNOWS BEST  ,Syndication                   ,RRFALL30E2H  ,TRR_30_TVC_FALL_HERO                                        ,30,0
11/30/2019, 5:43 AM,Local,5010,Sacramento-Stockton           ,EXP2 ,K T X L - T V                 ,XPLORATION NATURE KNOWS BEST  ,Syndication                   ,RRFALL30E2H  ,TRR_30_TVC_FALL_HERO                                        ,30,0
11/30/2019, 5:43 AM,Local,5190,San Diego                     ,EXP2 ,K S W B - T V                 ,XPLORATION NATURE KNOWS BEST  ,Syndication                   ,RRFALL30E2H  ,TRR_30_TVC_FALL_HERO                                        ,30,0
11/30/2019, 5:43 AM,Local,5230,San Francisco-Oakland-San Jose,EXP2 ,K T V U - T V                 ,XPLORATION DIY SCI            ,Syndication                   ,RRFALL30E2H  ,TRR_30_TVC_FALL_HERO                                        ,30,0
11/30/2019, 5:43 AM,Local,5400,Seattle-Tacoma                ,EXP2 ,K C P Q - T V                 ,XPLORATION NATURE KNOWS BEST  ,Syndication                   ,RRFALL30E2H  ,TRR_30_TVC_FALL_HERO                                        ,30,0
11/30/2019, 6:12 AM,Local,4510,Omaha                         ,EXP2 ,K P T M - T V                 ,PAID PROGRAM                  ,Syndication                   ,RRFALL30E2H  ,TRR_30_TVC_FALL_HERO                                        ,30,0
11/30/2019, 6:12 AM,Local,5520,Champaign & Springfield-Decatu,EXP2 ,W C C U - T V                 ,XPLORATION WEIRD BUT TRUE     ,Syndication                   ,RRFALL30E2H  ,TRR_30_TVC_FALL_HERO                                        ,30,0
11/30/2019, 6:12 AM,Local,5520,Champaign & Springfield-Decatu,EXP2 ,W R S P - T V                 ,XPLORATION WEIRD BUT TRUE     ,Syndication                   ,RRFALL30E2H  ,TRR_30_TVC_FALL_HERO                                        ,30,0
11/30/2019, 6:13 AM,Local,2850,Ft. Smith                     ,EXP2 ,K F T A - T V                 ,XPLORATION WEIRD BUT TRUE     ,Syndication                   ,RRFALL30E2H  ,TRR_30_TVC_FALL_HERO                                        ,30,0
11/30/2019, 6:13 AM,Local,4950,Roanoke-Lynchburg             ,EXP2 ,W F X R - T V                 ,XPLORATION DIY SCI            ,Syndication                   ,RRFALL30E2H  ,TRR_30_TVC_FALL_HERO                                        ,30,0
11/30/2019, 6:13 AM,Local,5910,"Washington, DC                ",EXP2 ,W T T G - T V                 ,XPLORATION DIY SCI            ,Syndication                   ,RRFALL30E2H  ,TRR_30_TVC_FALL_HERO                                        ,30,0
11/30/2019, 6:13 AM,Local,6190,"Beaumont-Port Arthur, TX      ",EXP2 ,K B T V - TV                  ,XPLORATION DIY SCI            ,Syndication                   ,RRFALL30E2H  ,TRR_30_TVC_FALL_HERO                                        ,30,0
11/30/2019, 6:43 AM,Local,1440,Baltimore                     ,EXP2 ,W B F F - T V                 ,XPLORATION WEIRD BUT TRUE     ,Syndication                   ,RRFALL30E2H  ,TRR_30_TVC_FALL_HERO                                        ,30,0
11/30/2019, 6:43 AM,Local,2110,"Columbia, SC                  ",EXP2 ,W A C H - T V                 ,TEEN KIDS NEWS                ,Syndication                   ,RRFALL30E2H  ,TRR_30_TVC_FALL_HERO                                        ,30,0
11/30/2019, 6:43 AM,Local,2170,"Columbus-Tupelo, MS           ",EXP2 ,W L O V - T V                 ,XPLORATION NATURE KNOWS BEST  ,Syndication                   ,RRFALL30E2H  ,TRR_30_TVC_FALL_HERO                                        ,30,0
11/30/2019, 6:43 AM,Local,3600,Lincoln-Hastings-Kearney      ,EXP2 ,K H G I - T V                 ,XPLORATION NATURE KNOWS BEST  ,Syndication                   ,RRFALL30E2H  ,TRR_30_TVC_FALL_HERO                                        ,30,0
11/30/2019, 6:43 AM,Local,4440,North Platte                  ,EXP2 ,K W N B - T V                 ,XPLORATION NATURE KNOWS BEST  ,Syndication                   ,RRFALL30E2H  ,TRR_30_TVC_FALL_HERO                                        ,30,0
11/30/2019, 6:43 AM,Local,4510,Omaha                         ,EXP2 ,K P T M - T V                 ,PAID PROGRAM                  ,Syndication                   ,RRFALL30E2H  ,TRR_30_TVC_FALL_HERO                                        ,30,0
11/30/2019, 6:43 AM,Local,4950,Roanoke-Lynchburg             ,EXP2 ,W F X R - T V                 ,XPLORATION WEIRD BUT TRUE     ,Syndication                   ,RRFALL30E2H  ,TRR_30_TVC_FALL_HERO                                        ,30,0
11/30/2019, 6:43 AM,Local,5140,San Antonio                   ,EXP2 ,K A B B - T V                 ,XPLORATION NATURE KNOWS BEST  ,Syndication                   ,RRFALL30E2H  ,TRR_30_TVC_FALL_HERO                                        ,30,0
11/30/2019, 6:43 AM,Local,5520,Champaign & Springfield-Decatu,EXP2 ,W C C U - T V                 ,XPLORATION DIY SCI            ,Syndication                   ,RRFALL30E2H  ,TRR_30_TVC_FALL_HERO                                        ,30,0
11/30/2019, 6:43 AM,Local,5520,Champaign & Springfield-Decatu,EXP2 ,W R S P - T V                 ,XPLORATION DIY SCI            ,Syndication                   ,RRFALL30E2H  ,TRR_30_TVC_FALL_HERO                                        ,30,0
11/30/2019, 6:43 AM,Local,5910,"Washington, DC                ",EXP2 ,W T T G - T V                 ,XPLORATION NATURE KNOWS BEST  ,Syndication                   ,RRFALL30E2H  ,TRR_30_TVC_FALL_HERO                                        ,30,0
11/30/2019, 6:43 AM,Local,6190,"Beaumont-Port Arthur, TX      ",EXP2 ,K B T V - TV                  ,XPLORATION WEIRD BUT TRUE     ,Syndication                   ,RRFALL30E2H  ,TRR_30_TVC_FALL_HERO                                        ,30,0
11/30/2019, 7:12 AM,Local,2740,"Florence-Myrtle Beach, SC     ",EXP2 ,W F X B - T V                 ,XPLORATION WEIRD BUT TRUE     ,Syndication                   ,RRFALL30E2H  ,TRR_30_TVC_FALL_HERO                                        ,30,0
11/30/2019, 7:12 AM,Local,4480,Odessa-Midland                ,EXP2 ,K P E J - T V                 ,XPLORATION WEIRD BUT TRUE     ,Syndication                   ,RRFALL30E2H  ,TRR_30_TVC_FALL_HERO                                        ,30,0
11/30/2019, 7:13 AM,Local,1770,Buffalo                       ,EXP2 ,W U T V - T V                 ,XPLORATION DIY SCI            ,Syndication                   ,RRFALL30E2H  ,TRR_30_TVC_FALL_HERO                                        ,30,0
11/30/2019, 7:13 AM,Local,1840,Cedar Rapids-Waterloo-Dubuque ,EXP2 ,K F X A - T V                 ,XPLORATION WEIRD BUT TRUE     ,Syndication                   ,RRFALL30E2H  ,TRR_30_TVC_FALL_HERO                                        ,30,0
11/30/2019, 7:13 AM,Local,1880,Charleston-Huntington         ,EXP2 ,W V A H - T V                 ,XPLORATION DIY SCI            ,Syndication                   ,RRFALL30E2H  ,TRR_30_TVC_FALL_HERO                                        ,30,0
11/30/2019, 7:13 AM,Local,2140,"Columbus, GA                  ",EXP2 ,W X T X - T V                 ,XPLORATION DIY SCI            ,Syndication                   ,RRFALL30E2H  ,TRR_30_TVC_FALL_HERO                                        ,30,0
11/30/2019, 7:13 AM,Local,2460,El Paso                       ,EXP2 ,K F O X - T V                 ,XPLORATION DIY SCI            ,Syndication                   ,RRFALL30E2H  ,TRR_30_TVC_FALL_HERO                                        ,30,0
11/30/2019, 7:13 AM,Local,3210,Huntsville-Decatur-Florence   ,EXP2 ,W Z D X - T V                 ,XPLORATION DIY SCI            ,Syndication                   ,RRFALL30E2H  ,TRR_30_TVC_FALL_HERO                                        ,30,0
11/30/2019, 7:13 AM,Local,4520,Orlando-Daytona Beach-Melbourn,EXP2 ,W O F L - T V                 ,XPLORATION DIY SCI            ,Syndication                   ,RRFALL30E2H  ,TRR_30_TVC_FALL_HERO                                        ,30,0
11/30/2019, 7:13 AM,Local,4560,Paducah-Cape Girardeau-Harrisb,EXP2 ,K B S I - T V                 ,XPLORATION DIY SCI            ,Syndication                   ,RRFALL30E2H  ,TRR_30_TVC_FALL_HERO                                        ,30,0
11/30/2019, 7:13 AM,Local,4690,Pittsburgh                    ,EXP2 ,W P G H - T V                 ,XPLORATION DIY SCI            ,Syndication                   ,RRFALL30E2H  ,TRR_30_TVC_FALL_HERO                                        ,30,0
11/30/2019, 7:13 AM,Local,4900,Richmond                      ,EXP2 ,W R L H - T V                 ,XPLORATION DIY SCI            ,Syndication                   ,RRFALL30E2H  ,TRR_30_TVC_FALL_HERO                                        ,30,0
11/30/2019, 7:13 AM,Local,4970,Rochester-Mason City-Austin   ,EXP2 ,K X L T - T V                 ,XPLORATION NATURE KNOWS BEST  ,Syndication                   ,RRFALL30E2H  ,TRR_30_TVC_FALL_HERO                                        ,30,0
11/30/2019, 7:13 AM,Local,5140,San Antonio                   ,EXP2 ,K A B B - T V                 ,XPLORATION DIY SCI            ,Syndication                   ,RRFALL30E2H  ,TRR_30_TVC_FALL_HERO                                        ,30,0
11/30/2019, 7:13 AM,Local,5420,Shreveport-Texarkana          ,EXP2 ,K M S S - T V                 ,XPLORATION WEIRD BUT TRUE     ,Syndication                   ,RRFALL30E2H  ,TRR_30_TVC_FALL_HERO                                        ,30,0
11/30/2019, 7:13 AM,Local,5630,Syracuse                      ,EXP2 ,W N Y S - T V                 ,XPLORATION DIY SCI            ,Syndication                   ,RRFALL30E2H  ,TRR_30_TVC_FALL_HERO                                        ,30,0
11/30/2019, 7:13 AM,Local,6070,Wilkes Barre-Scranton         ,EXP2 ,W O L F - T V                 ,XPLORATION DIY SCI            ,Syndication                   ,RRFALL30E2H  ,TRR_30_TVC_FALL_HERO                                        ,30,0
11/30/2019, 7:14 AM,Local,6060,Wichita Falls-Lawton          ,EXP2 ,K J T L - T V                 ,XPLORATION DIY SCI            ,Syndication                   ,RRFALL30E2H  ,TRR_30_TVC_FALL_HERO                                        ,30,0
11/30/2019, 7:42 AM,Local,3350,Joplin-Pittsburg              ,EXP2 ,K F J X - T V                 ,XPLORATION WEIRD BUT TRUE     ,Syndication                   ,RRFALL30E2H  ,TRR_30_TVC_FALL_HERO                                        ,30,0
11/30/2019, 7:42 AM,Local,4130,Monroe-El Dorado              ,EXP2 ,K A R D - T V                 ,XPLORATION WEIRD BUT TRUE     ,Syndication                   ,RRFALL30E2H  ,TRR_30_TVC_FALL_HERO                                        ,30,0
11/30/2019, 7:43 AM,Local,1020,Albany-Schenectady-Troy       ,EXP2 ,W N Y A - T V                 ,XPLORATION WEIRD BUT TRUE     ,Syndication                   ,RRFALL30E2H  ,TRR_30_TVC_FALL_HERO                                        ,30,0
11/30/2019, 7:43 AM,Local,1030,"Albany, GA                    ",EXP2 ,W F X L - T V                 ,XPLORATION NATURE KNOWS BEST  ,Syndication                   ,RRFALL30E2H  ,TRR_30_TVC_FALL_HERO                                        ,30,0
11/30/2019, 7:43 AM,Local,1570,Biloxi-Gulfport-Pascagoula    ,EXP2 ,W X X V - T V                 ,XPLORATION NATURE KNOWS BEST  ,Syndication                   ,RRFALL30E2H  ,TRR_30_TVC_FALL_HERO                                        ,30,0
11/30/2019, 7:43 AM,Local,1840,Cedar Rapids-Waterloo-Dubuque ,EXP2 ,K F X A - T V                 ,XPLORATION DIY SCI            ,Syndication                   ,RRFALL30E2H  ,TRR_30_TVC_FALL_HERO                                        ,30,0
11/30/2019, 7:43 AM,Local,1860,"Charleston, SC                ",EXP2 ,W T A T - T V                 ,XPLORATION NATURE KNOWS BEST  ,Syndication                   ,RRFALL30E2H  ,TRR_30_TVC_FALL_HERO                                        ,30,0
11/30/2019, 7:43 AM,Local,2070,Colorado Springs-Pueblo       ,EXP2 ,K X R M - T V                 ,XPLORATION NATURE KNOWS BEST  ,Syndication                   ,RRFALL30E2H  ,TRR_30_TVC_FALL_HERO                                        ,30,0
11/30/2019, 7:43 AM,Local,2160,"Columbus, OH                  ",EXP2 ,W T T E - T V                 ,XPLORATION NATURE KNOWS BEST  ,Syndication                   ,RRFALL30E2H  ,TRR_30_TVC_FALL_HERO                                        ,30,0
11/30/2019, 7:43 AM,Local,2280,Dayton                        ,EXP2 ,W R G T - T V                 ,XPLORATION NATURE KNOWS BEST  ,Syndication                   ,RRFALL30E2H  ,TRR_30_TVC_FALL_HERO                                        ,30,0
11/30/2019, 7:43 AM,Local,2340,Des Moines                    ,EXP2 ,K D S M - T V                 ,XPLORATION DIY SCI            ,Syndication                   ,RRFALL30E2H  ,TRR_30_TVC_FALL_HERO                                        ,30,0
11/30/2019, 7:43 AM,Local,2590,Evansville                    ,EXP2 ,W T V W - T V                 ,XPLORATION NATURE KNOWS BEST  ,Syndication                   ,RRFALL30E2H  ,TRR_30_TVC_FALL_HERO                                        ,30,0
11/30/2019, 7:43 AM,Local,2910,Grand Junction-Durango        ,EXP2 ,K F Q X - T V                 ,XPLORATION WEIRD BUT TRUE     ,Syndication                   ,RRFALL30E2H  ,TRR_30_TVC_FALL_HERO                                        ,30,0
11/30/2019, 7:43 AM,Local,3050,Harrisburg-York-Lancaster-Leba,EXP2 ,W P M T - T V                 ,XPLORATION DIY SCI            ,Syndication                   ,RRFALL30E2H  ,TRR_30_TVC_FALL_HERO                                        ,30,0
11/30/2019, 7:43 AM,Local,3580,Lexington                     ,EXP2 ,W D K Y - T V                 ,XPLORATION NATURE KNOWS BEST  ,Syndication                   ,RRFALL30E2H  ,TRR_30_TVC_FALL_HERO                                        ,30,0
11/30/2019, 7:43 AM,Local,3790,Macon                         ,EXP2 ,W G X A - T V                 ,XPLORATION NATURE KNOWS BEST  ,Syndication                   ,RRFALL30E2H  ,TRR_30_TVC_FALL_HERO                                        ,30,0
11/30/2019, 7:43 AM,Local,4240,Nashville                     ,EXP2 ,W Z T V - T V                 ,XPLORATION NATURE KNOWS BEST  ,Syndication                   ,RRFALL30E2H  ,TRR_30_TVC_FALL_HERO                                        ,30,0
11/30/2019, 7:43 AM,Local,4490,Oklahoma City                 ,EXP2 ,K O K H - T V                 ,XPLORATION NATURE KNOWS BEST  ,Syndication                   ,RRFALL30E2H  ,TRR_30_TVC_FALL_HERO                                        ,30,0
11/30/2019, 7:43 AM,Local,4510,Omaha                         ,EXP2 ,K P T M - T V                 ,XPLORATION NATURE KNOWS BEST  ,Syndication                   ,RRFALL30E2H  ,TRR_30_TVC_FALL_HERO                                        ,30,0
11/30/2019, 7:43 AM,Local,4520,Orlando-Daytona Beach-Melbourn,EXP2 ,W O F L - T V                 ,XPLORATION NATURE KNOWS BEST  ,Syndication                   ,RRFALL30E2H  ,TRR_30_TVC_FALL_HERO                                        ,30,0
11/30/2019, 7:43 AM,Local,4980,"Rochester, NY                 ",EXP2 ,W U H F - T V                 ,XPLORATION NATURE KNOWS BEST  ,Syndication                   ,RRFALL30E2H  ,TRR_30_TVC_FALL_HERO                                        ,30,0
11/30/2019, 7:43 AM,Local,5130,San Angelo                    ,EXP2 ,K I D Y - T V                 ,XPLORATION NATURE KNOWS BEST  ,Syndication                   ,RRFALL30E2H  ,TRR_30_TVC_FALL_HERO                                        ,30,0
11/30/2019, 7:43 AM,Local,5520,Champaign & Springfield-Decatu,EXP2 ,W C C U - T V                 ,XPLORATION NATURE KNOWS BEST  ,Syndication                   ,RRFALL30E2H  ,TRR_30_TVC_FALL_HERO                                        ,30,0
11/30/2019, 7:43 AM,Local,5520,Champaign & Springfield-Decatu,EXP2 ,W R S P - T V                 ,XPLORATION NATURE KNOWS BEST  ,Syndication                   ,RRFALL30E2H  ,TRR_30_TVC_FALL_HERO                                        ,30,0
11/30/2019, 7:43 AM,Local,6190,"Beaumont-Port Arthur, TX      ",EXP2 ,K B T V - TV                  ,XPLORATION NATURE KNOWS BEST  ,Syndication                   ,RRFALL30E2H  ,TRR_30_TVC_FALL_HERO                                        ,30,0
11/30/2019, 8:12 AM,Local,2110,"Columbia, SC                  ",EXP2 ,W A C H - T V                 ,XPLORATION OUTER SPACE        ,Syndication                   ,RRFALL30E2H  ,TRR_30_TVC_FALL_HERO                                        ,30,0
11/30/2019, 8:12 AM,Local,2140,"Columbus, GA                  ",EXP2 ,W X T X - T V                 ,XPLORATION WEIRD BUT TRUE     ,Syndication                   ,RRFALL30E2H  ,TRR_30_TVC_FALL_HERO                                        ,30,0
11/30/2019, 8:13 AM,Local,1020,Albany-Schenectady-Troy       ,EXP2 ,W N Y A - T V                 ,XPLORATION DIY SCI            ,Syndication                   ,RRFALL30E2H  ,TRR_30_TVC_FALL_HERO                                        ,30,0
11/30/2019, 8:13 AM,Local,1090,Amarillo                      ,EXP2 ,K C I T - T V                 ,XPLORATION DIY SCI            ,Syndication                   ,RRFALL30E2H  ,TRR_30_TVC_FALL_HERO                                        ,30,0
11/30/2019, 8:13 AM,Local,1470,Baton Rouge                   ,EXP2 ,W B T R - T V                 ,XPLORATION DIY SCI            ,Syndication                   ,RRFALL30E2H  ,TRR_30_TVC_FALL_HERO                                        ,30,0
11/30/2019, 8:13 AM,Local,1950,Chicago                       ,EXP2 ,W P W R - T V                 ,XPLORATION DIY SCI            ,Syndication                   ,RRFALL30E2H  ,TRR_30_TVC_FALL_HERO                                        ,30,0
11/30/2019, 8:13 AM,Local,2720,Flint-Saginaw-Bay City        ,EXP2 ,W S M H - T V                 ,XPLORATION NATURE KNOWS BEST  ,Syndication                   ,RRFALL30E2H  ,TRR_30_TVC_FALL_HERO                                        ,30,0
11/30/2019, 8:13 AM,Local,2850,Ft. Smith                     ,EXP2 ,K F T A - T V                 ,XPLORATION DIY SCI            ,Syndication                   ,RRFALL30E2H  ,TRR_30_TVC_FALL_HERO                                        ,30,0
11/30/2019, 8:13 AM,Local,3140,Houston                       ,EXP2 ,K R I V - T V                 ,XPLORATION DIY SCI            ,Syndication                   ,RRFALL30E2H  ,TRR_30_TVC_FALL_HERO                                        ,30,0
11/30/2019, 8:13 AM,Local,4130,Monroe-El Dorado              ,EXP2 ,K A R D - T V                 ,XPLORATION DIY SCI            ,Syndication                   ,RRFALL30E2H  ,TRR_30_TVC_FALL_HERO                                        ,30,0
11/30/2019, 8:13 AM,Local,5440,Sioux City                    ,EXP2 ,K P T H - T V                 ,XPLORATION DIY SCI            ,Syndication                   ,RRFALL30E2H  ,TRR_30_TVC_FALL_HERO                                        ,30,0
11/30/2019, 8:42 AM,Local,1100,Anchorage                     ,EXP2 ,K Y E S - T V                 ,XPLORATION WEIRD BUT TRUE     ,Syndication                   ,RRFALL30E2H  ,TRR_30_TVC_FALL_HERO                                        ,30,0
11/30/2019, 8:42 AM,Local,1470,Baton Rouge                   ,EXP2 ,W B T R - T V                 ,XPLORATION WEIRD BUT TRUE     ,Syndication                   ,RRFALL30E2H  ,TRR_30_TVC_FALL_HERO                                        ,30,0
11/30/2019, 8:42 AM,Local,2030,Clarksburg-Weston             ,EXP2 ,W V F X - T V                 ,XPLORATION WEIRD BUT TRUE     ,Syndication                   ,RRFALL30E2H  ,TRR_30_TVC_FALL_HERO                                        ,30,0
11/30/2019, 8:42 AM,Local,2500,Elmira                        ,EXP2 ,W Y D C - T V                 ,XPLORATION WEIRD BUT TRUE     ,Syndication                   ,RRFALL30E2H  ,TRR_30_TVC_FALL_HERO                                        ,30,0
11/30/2019, 8:42 AM,Local,3460,Lake Charles                  ,EXP2 ,K V H P - T V                 ,XPLORATION WEIRD BUT TRUE     ,Syndication                   ,RRFALL30E2H  ,TRR_30_TVC_FALL_HERO                                        ,30,0
11/30/2019, 8:42 AM,Local,4370,New York                      ,EXP2 ,W N Y W - T V                 ,XPLORATION WEIRD BUT TRUE     ,Syndication                   ,RRFALL30E2H  ,TRR_30_TVC_FALL_HERO                                        ,30,0
11/30/2019, 8:42 AM,Local,4620,Peoria-Bloomington            ,EXP2 ,W Y Z Z - T V                 ,XPLORATION WEIRD BUT TRUE     ,Syndication                   ,RRFALL30E2H  ,TRR_30_TVC_FALL_HERO                                        ,30,0
11/30/2019, 8:42 AM,Local,5750,Traverse City-Cadillac        ,EXP2 ,W F Q X - T V                 ,XPLORATION WEIRD BUT TRUE     ,Syndication                   ,RRFALL30E2H  ,TRR_30_TVC_FALL_HERO                                        ,30,0
11/30/2019, 8:42 AM,Local,5750,Traverse City-Cadillac        ,EXP2 ,W F U P - T V                 ,XPLORATION WEIRD BUT TRUE     ,Syndication                   ,RRFALL30E2H  ,TRR_30_TVC_FALL_HERO                                        ,30,0
11/30/2019, 8:43 AM,Local,1950,Chicago                       ,EXP2 ,W P W R - T V                 ,XPLORATION NATURE KNOWS BEST  ,Syndication                   ,RRFALL30E2H  ,TRR_30_TVC_FALL_HERO                                        ,30,0
11/30/2019, 8:43 AM,Local,2110,"Columbia, SC                  ",EXP2 ,W A C H - T V                 ,XPLORATION AWESOME PLANET     ,Syndication                   ,RRFALL30E2H  ,TRR_30_TVC_FALL_HERO                                        ,30,0
11/30/2019, 8:43 AM,Local,2170,"Columbus-Tupelo, MS           ",EXP2 ,W L O V - T V                 ,XPLORATION WEIRD BUT TRUE     ,Syndication                   ,RRFALL30E2H  ,TRR_30_TVC_FALL_HERO                                        ,30,0
11/30/2019, 8:43 AM,Local,2270,Davenport-Rock Island-Moline-Q,EXP2 ,K L J B - T V                 ,XPLORATION DIY SCI            ,Syndication                   ,RRFALL30E2H  ,TRR_30_TVC_FALL_HERO                                        ,30,0
11/30/2019, 8:43 AM,Local,2850,Ft. Smith                     ,EXP2 ,K F T A - T V                 ,XPLORATION NATURE KNOWS BEST  ,Syndication                   ,RRFALL30E2H  ,TRR_30_TVC_FALL_HERO                                        ,30,0
11/30/2019, 8:43 AM,Local,2960,Greensboro-Winston-Salem-High ,EXP2 ,W G H P - T V                 ,XPLORATION WEIRD BUT TRUE     ,Syndication                   ,RRFALL30E2H  ,TRR_30_TVC_FALL_HERO                                        ,30,0
11/30/2019, 8:43 AM,Local,2990,Greenville-New Bern-Washington,EXP2 ,W Y D O - T V                 ,XPLORATION DIY SCI            ,Syndication                   ,RRFALL30E2H  ,TRR_30_TVC_FALL_HERO                                        ,30,0
11/30/2019, 8:43 AM,Local,3140,Houston                       ,EXP2 ,K R I V - T V                 ,XPLORATION NATURE KNOWS BEST  ,Syndication                   ,RRFALL30E2H  ,TRR_30_TVC_FALL_HERO                                        ,30,0
11/30/2019, 8:43 AM,Local,3620,Little Rock                   ,EXP2 ,K L R T  -  T V               ,XPLORATION WEIRD BUT TRUE     ,Syndication                   ,RRFALL30E2H  ,TRR_30_TVC_FALL_HERO                                        ,30,0
11/30/2019, 8:43 AM,Local,3810,Madison                       ,EXP2 ,W M S N - T V                 ,XPLORATION DIY SCI            ,Syndication                   ,RRFALL30E2H  ,TRR_30_TVC_FALL_HERO                                        ,30,0
11/30/2019, 8:43 AM,Local,4130,Monroe-El Dorado              ,EXP2 ,K A R D - T V                 ,XPLORATION NATURE KNOWS BEST  ,Syndication                   ,RRFALL30E2H  ,TRR_30_TVC_FALL_HERO                                        ,30,0
11/30/2019, 8:43 AM,Local,5140,San Antonio                   ,EXP2 ,K A B B - T V                 ,XPLORATION WEIRD BUT TRUE     ,Syndication                   ,RRFALL30E2H  ,TRR_30_TVC_FALL_HERO                                        ,30,0
11/30/2019, 9:12 AM,Local,1030,"Albany, GA                    ",EXP2 ,W F X L - T V                 ,XPLORATION WEIRD BUT TRUE     ,Syndication                   ,RRFALL30E2H  ,TRR_30_TVC_FALL_HERO                                        ,30,0
11/30/2019, 9:12 AM,Local,4980,"Rochester, NY                 ",EXP2 ,W U H F - T V                 ,XPLORATION WEIRD BUT TRUE     ,Syndication                   ,RRFALL30E2H  ,TRR_30_TVC_FALL_HERO                                        ,30,0
11/30/2019, 9:12 AM,Local,6200,"Tri-Cities, TN-VA             ",EXP2 ,W E M T - T V                 ,XPLORATION WEIRD BUT TRUE     ,Syndication                   ,RRFALL30E2H  ,TRR_30_TVC_FALL_HERO                                        ,30,0
11/30/2019, 9:13 AM,Local,1860,"Charleston, SC                ",EXP2 ,W T A T - T V                 ,XPLORATION WEIRD BUT TRUE     ,Syndication                   ,RRFALL30E2H  ,TRR_30_TVC_FALL_HERO                                        ,30,0
11/30/2019, 9:13 AM,Local,2350,Detroit                       ,EXP2 ,W A D L - T V                 ,XPLORATION DIY SCI            ,Syndication                   ,RRFALL30E2H  ,TRR_30_TVC_FALL_HERO                                        ,30,0
11/30/2019, 9:13 AM,Local,3580,Lexington                     ,EXP2 ,W D K Y - T V                 ,XPLORATION WEIRD BUT TRUE     ,Syndication                   ,RRFALL30E2H  ,TRR_30_TVC_FALL_HERO                                        ,30,0
11/30/2019, 9:13 AM,Local,4370,New York                      ,EXP2 ,W N Y W - T V                 ,XPLORATION DIY SCI            ,Syndication                   ,RRFALL30E2H  ,TRR_30_TVC_FALL_HERO                                        ,30,0
11/30/2019, 9:13 AM,Local,5750,Traverse City-Cadillac        ,EXP2 ,W F Q X - T V                 ,XPLORATION NATURE KNOWS BEST  ,Syndication                   ,RRFALL30E2H  ,TRR_30_TVC_FALL_HERO                                        ,30,0
11/30/2019, 9:13 AM,Local,5750,Traverse City-Cadillac        ,EXP2 ,W F U P - T V                 ,XPLORATION NATURE KNOWS BEST  ,Syndication                   ,RRFALL30E2H  ,TRR_30_TVC_FALL_HERO                                        ,30,0
11/30/2019, 9:13 AM,Local,6010,West Palm Beach-Ft. Pierce-Ver,EXP2 ,W F L X - T V                 ,XPLORATION DIY SCI            ,Syndication                   ,RRFALL30E2H  ,TRR_30_TVC_FALL_HERO                                        ,30,0
11/30/2019, 9:42 AM,Local,2720,Flint-Saginaw-Bay City        ,EXP2 ,W S M H - T V                 ,XPLORATION WEIRD BUT TRUE     ,Syndication                   ,RRFALL30E2H  ,TRR_30_TVC_FALL_HERO                                        ,30,0
11/30/2019, 9:42 AM,Local,5910,"Washington, DC                ",EXP2 ,W T T G - T V                 ,XPLORATION WEIRD BUT TRUE     ,Syndication                   ,RRFALL30E2H  ,TRR_30_TVC_FALL_HERO                                        ,30,0
11/30/2019, 9:43 AM,Local,1030,"Albany, GA                    ",EXP2 ,W F X L - T V                 ,XPLORATION DIY SCI            ,Syndication                   ,RRFALL30E2H  ,TRR_30_TVC_FALL_HERO                                        ,30,0
11/30/2019, 9:43 AM,Local,1860,"Charleston, SC                ",EXP2 ,W T A T - T V                 ,XPLORATION DIY SCI            ,Syndication                   ,RRFALL30E2H  ,TRR_30_TVC_FALL_HERO                                        ,30,0
11/30/2019, 9:43 AM,Local,1900,Charlotte                     ,EXP2 ,W J Z Y - T V                 ,XPLORATION WEIRD BUT TRUE     ,Syndication                   ,RRFALL30E2H  ,TRR_30_TVC_FALL_HERO                                        ,30,0
11/30/2019, 9:43 AM,Local,2350,Detroit                       ,EXP2 ,W A D L - T V                 ,XPLORATION NATURE KNOWS BEST  ,Syndication                   ,RRFALL30E2H  ,TRR_30_TVC_FALL_HERO                                        ,30,0
11/30/2019, 9:43 AM,Local,3410,Knoxville                     ,EXP2 ,W T N Z - T V                 ,XPLORATION DIY SCI            ,Syndication                   ,RRFALL30E2H  ,TRR_30_TVC_FALL_HERO                                        ,30,0
11/30/2019, 9:43 AM,Local,3580,Lexington                     ,EXP2 ,W D K Y - T V                 ,XPLORATION DIY SCI            ,Syndication                   ,RRFALL30E2H  ,TRR_30_TVC_FALL_HERO                                        ,30,0
11/30/2019, 9:43 AM,Local,4370,New York                      ,EXP2 ,W N Y W - T V                 ,XPLORATION NATURE KNOWS BEST  ,Syndication                   ,RRFALL30E2H  ,TRR_30_TVC_FALL_HERO                                        ,30,0
11/30/2019, 9:43 AM,Local,4420,Norfolk-Portsmouth-Newport New,EXP2 ,W V B T - T V                 ,XPLORATION WEIRD BUT TRUE     ,Syndication                   ,RRFALL30E2H  ,TRR_30_TVC_FALL_HERO                                        ,30,0
11/30/2019, 9:43 AM,Local,4830,Raleigh-Durham                ,EXP2 ,W R A Z - T V                 ,XPLORATION WEIRD BUT TRUE     ,Syndication                   ,RRFALL30E2H  ,TRR_30_TVC_FALL_HERO                                        ,30,0
11/30/2019, 9:43 AM,Local,4980,"Rochester, NY                 ",EXP2 ,W U H F - T V                 ,XPLORATION DIY SCI            ,Syndication                   ,RRFALL30E2H  ,TRR_30_TVC_FALL_HERO                                        ,30,0
11/30/2019, 9:43 AM,Local,5750,Traverse City-Cadillac        ,EXP2 ,W F Q X - T V                 ,XPLORATION DIY SCI            ,Syndication                   ,RRFALL30E2H  ,TRR_30_TVC_FALL_HERO                                        ,30,0
11/30/2019, 9:43 AM,Local,5750,Traverse City-Cadillac        ,EXP2 ,W F U P - T V                 ,XPLORATION DIY SCI            ,Syndication                   ,RRFALL30E2H  ,TRR_30_TVC_FALL_HERO                                        ,30,0
11/30/2019, 9:43 AM,Local,5840,Tyler-Longview-Jacksonville   ,EXP2 ,K L T V - T V                 ,XPLORATION DIY SCI            ,Syndication                   ,RRFALL30E2H  ,TRR_30_TVC_FALL_HERO                                        ,30,0
11/30/2019, 9:43 AM,Local,5840,Tyler-Longview-Jacksonville   ,EXP2 ,K T R E - T V                 ,XPLORATION DIY SCI            ,Syndication                   ,RRFALL30E2H  ,TRR_30_TVC_FALL_HERO                                        ,30,0
11/30/2019,10:12 AM,Local,3600,Lincoln-Hastings-Kearney      ,EXP2 ,K H G I - T V                 ,XPLORATION WEIRD BUT TRUE     ,Syndication                   ,RRFALL30E2H  ,TRR_30_TVC_FALL_HERO                                        ,30,0
11/30/2019,10:12 AM,Local,4440,North Platte                  ,EXP2 ,K W N B - T V                 ,XPLORATION WEIRD BUT TRUE     ,Syndication                   ,RRFALL30E2H  ,TRR_30_TVC_FALL_HERO                                        ,30,0
11/30/2019,10:13 AM,Local,5840,Tyler-Longview-Jacksonville   ,EXP2 ,K L T V - T V                 ,XPLORATION NATURE KNOWS BEST  ,Syndication                   ,RRFALL30E2H  ,TRR_30_TVC_FALL_HERO                                        ,30,0
11/30/2019,10:13 AM,Local,5840,Tyler-Longview-Jacksonville   ,EXP2 ,K T R E - T V                 ,XPLORATION NATURE KNOWS BEST  ,Syndication                   ,RRFALL30E2H  ,TRR_30_TVC_FALL_HERO                                        ,30,0
11/30/2019,10:43 AM,Local,2910,Grand Junction-Durango        ,EXP2 ,K R E X - T V                 ,XPLORATION DIY SCI            ,Syndication                   ,RRFALL30E2H  ,TRR_30_TVC_FALL_HERO                                        ,30,0
11/30/2019,10:43 AM,Local,2910,Grand Junction-Durango        ,EXP2 ,K R E Y - T V                 ,XPLORATION DIY SCI            ,Syndication                   ,RRFALL30E2H  ,TRR_30_TVC_FALL_HERO                                        ,30,0
11/30/2019,10:43 AM,Local,3600,Lincoln-Hastings-Kearney      ,EXP2 ,K H G I - T V                 ,XPLORATION DIY SCI            ,Syndication                   ,RRFALL30E2H  ,TRR_30_TVC_FALL_HERO                                        ,30,0
11/30/2019,10:43 AM,Local,4440,North Platte                  ,EXP2 ,K W N B - T V                 ,XPLORATION DIY SCI            ,Syndication                   ,RRFALL30E2H  ,TRR_30_TVC_FALL_HERO                                        ,30,0
11/30/2019,12:13 PM,Local,2030,Clarksburg-Weston             ,EXP2 ,W D T V - T V                 ,XPLORATION DIY SCI            ,Syndication                   ,RRFALL30E2H  ,TRR_30_TVC_FALL_HERO                                        ,30,0
11/30/2019,12:43 PM,Local,2030,Clarksburg-Weston             ,EXP2 ,W D T V - T V                 ,XPLORATION NATURE KNOWS BEST  ,Syndication                   ,RRFALL30E2H  ,TRR_30_TVC_FALL_HERO                                        ,30,0
11/30/2019, 7:52 PM,Local,1950,Chicago                       ,BBGRS,W C I U - T V                 ,BOB'S BURGERS                 ,Syndication                   ,RRFALL30BBH  ,TRR_30_TVC_FALL_HERO                                        ,30,0
12/1/2019, 4:12 AM,Local,4030,Milwaukee                     ,EXP2 ,W I T I - T V                 ,XPLORATION WEIRD BUT TRUE     ,Syndication                   ,RRFALL30E2H  ,TRR_30_TVC_FALL_HERO                                        ,30,0
12/1/2019, 4:13 AM,Local,3070,Hartford-New Haven            ,EXP2 ,W T I C - T V                 ,XPLORATION NATURE KNOWS BEST  ,Syndication                   ,RRFALL30E2H  ,TRR_30_TVC_FALL_HERO                                        ,30,0
12/1/2019, 4:13 AM,Local,3370,Kansas City                   ,EXP2 ,W D A F - T V                 ,XPLORATION NATURE KNOWS BEST  ,Syndication                   ,RRFALL30E2H  ,TRR_30_TVC_FALL_HERO                                        ,30,0
12/1/2019, 4:13 AM,Local,3460,Lake Charles                  ,EXP2 ,K V H P - T V                 ,XPLORATION DIY SCI            ,Syndication                   ,RRFALL30E2H  ,TRR_30_TVC_FALL_HERO                                        ,30,0
12/1/2019, 4:42 AM,Local,3070,Hartford-New Haven            ,EXP2 ,W T I C - T V                 ,XPLORATION WEIRD BUT TRUE     ,Syndication                   ,RRFALL30E2H  ,TRR_30_TVC_FALL_HERO                                        ,30,0
12/1/2019, 4:42 AM,Local,3370,Kansas City                   ,EXP2 ,W D A F - T V                 ,XPLORATION WEIRD BUT TRUE     ,Syndication                   ,RRFALL30E2H  ,TRR_30_TVC_FALL_HERO                                        ,30,0
12/1/2019, 4:42 AM,Local,3460,Lake Charles                  ,EXP2 ,K V H P - T V                 ,XPLORATION NATURE KNOWS BEST  ,Syndication                   ,RRFALL30E2H  ,TRR_30_TVC_FALL_HERO                                        ,30,0
12/1/2019, 4:43 AM,Local,2040,Cleveland                     ,EXP2 ,W J W - T V                   ,XPLORATION DIY SCI            ,Syndication                   ,RRFALL30E2H  ,TRR_30_TVC_FALL_HERO                                        ,30,0
12/1/2019, 4:43 AM,Local,4030,Milwaukee                     ,EXP2 ,W I T I - T V                 ,XPLORATION NATURE KNOWS BEST  ,Syndication                   ,RRFALL30E2H  ,TRR_30_TVC_FALL_HERO                                        ,30,0
12/1/2019, 5:11 AM,Local,2350,Detroit                       ,EXP2 ,W J B K - T V                 ,XPLORATION WEIRD BUT TRUE     ,Syndication                   ,RRFALL30E2H  ,TRR_30_TVC_FALL_HERO                                        ,30,0
12/1/2019, 5:43 AM,Local,1700,Boston                        ,EXP2 ,W F X T - T V                 ,XPLORATION DIY SCI            ,Syndication                   ,RRFALL30E2H  ,TRR_30_TVC_FALL_HERO                                        ,30,0
Grand Total,,,,,,,,,,,,2210
