Date,Time,TimeZone,Network,RealRealAdType,ProgramAired,CreativeID,CreativeName,CreativeLength,AirType,Spend,CoverPct
1/13/20,12:06 AM,Eastern,BETJ,National,MUSIC PLAYLIST,RRFALL15H,TRR_15_TVC_FALL_HERO,15,Cable,4.25,0
1/13/20,12:24 AM,Eastern,MSN,national_local,RACHEL MADDOW SHOW,RRFL15PRLH,TRR_15_TVC_FALL_PRAGMATIST,15,Cable,34,25
1/13/20,12:39 AM,Eastern,BETJ,National,MUSIC PLAYLIST,RRFL15PRH,TRR_15_TVC_FALL_PRAGMATIST,15,Cable,4.25,0
1/13/20,1:23 AM,Eastern,BETJ,National,MUSIC PLAYLIST,RRFALL15H,TRR_15_TVC_FALL_HERO,15,Cable,4.25,0
1/13/20,2:03 AM,Eastern,USA,National,NCIS: LOS ANGELES,RRFALL15H,TRR_15_TVC_FALL_HERO,15,Cable,255,0
1/13/20,2:12 AM,Eastern,OXY,national_local,NCIS,RRFALL15LH,TRR_15_TVC_FALL_HERO,15,Cable,6.8,20
1/13/20,2:13 AM,Eastern,OXY,national_local,NCIS,RRFL15INLH,TRR_15_TVC_FALL_INNOVATOR,15,Cable,6.8,20
1/13/20,2:17 AM,Eastern,USA,National,NCIS: LOS ANGELES,RRFL15PRH,TRR_15_TVC_FALL_PRAGMATIST,15,Cable,255,0
1/13/20,2:30 AM,Eastern,HLN,National,VENGEANCE: KILLER CWRKRS,RRFL15PRH,TRR_15_TVC_FALL_PRAGMATIST,15,Cable,276.25,0
1/13/20,2:49 AM,Eastern,OXY,national_local,NCIS,RRFALL15LH,TRR_15_TVC_FALL_HERO,15,Cable,6.8,20
1/13/20,2:49 AM,Eastern,USA,National,NCIS: LOS ANGELES,RRFALL15H,TRR_15_TVC_FALL_HERO,15,Cable,255,0
1/13/20,2:50 AM,Eastern,OXY,national_local,NCIS,RRFL15INLH,TRR_15_TVC_FALL_INNOVATOR,15,Cable,6.8,20
1/13/20,2:56 AM,Eastern,RLZC,National,CELEBRITY PAGE,RRFALL15H,TRR_15_TVC_FALL_HERO,15,Cable,25.5,0
1/13/20,3:18 AM,Eastern,VH1,National,LOVE AND HIP HOP 10,RRFL15PRH,TRR_15_TVC_FALL_PRAGMATIST,15,Cable,255,0
1/13/20,3:26 AM,Eastern,HLN,National,FORENSIC FILES,RRFALL15H,TRR_15_TVC_FALL_HERO,15,Cable,85,0
1/13/20,3:44 AM,Eastern,BRV,national_local,WATCH WHAT HAPPENS LIVE,RRFALL15LH,TRR_15_TVC_FALL_HERO,15,Cable,6.8,30
1/13/20,3:45 AM,Eastern,HLN,National,FORENSIC FILES,RRFL15PRH,TRR_15_TVC_FALL_PRAGMATIST,15,Cable,85,0
1/13/20,5:14 AM,Eastern,VH1,National,MARTIN,RRFALL15H,TRR_15_TVC_FALL_HERO,15,Cable,59.5,0
1/13/20,5:53 AM,Eastern,IFC,National,THREE STOOGES,RRFALL15H,TRR_15_TVC_FALL_HERO,15,Cable,25.5,0
1/13/20,8:49 AM,Eastern,OXY,national_local,NCIS: LOS ANGELES,RRFALL15LH,TRR_15_TVC_FALL_HERO,15,Cable,34,20
1/13/20,8:50 AM,Eastern,OXY,national_local,NCIS: LOS ANGELES,RRFL15INLH,TRR_15_TVC_FALL_INNOVATOR,15,Cable,34,20
1/13/20,9:08 AM,Eastern,BRV,national_local,BELOW DECK,RRFALL15LH,TRR_15_TVC_FALL_HERO,15,Cable,51,30
1/13/20,9:37 AM,Eastern,IFC,National,IFC MOVIE,RRFALL15H,TRR_15_TVC_FALL_HERO,15,Cable,85,0
1/13/20,11:12 AM,Eastern,RLZC,National,US WEEKLYS FAMOUS FEUDS,RRFALL15H,TRR_15_TVC_FALL_HERO,15,Cable,59.5,0
1/13/20,11:48 AM,Eastern,RLZC,National,US WEEKLYS FAMOUS FEUDS,RRFL15PRH,TRR_15_TVC_FALL_PRAGMATIST,15,Cable,59.5,0
1/13/20,11:49 AM,Eastern,HLN,National,ON THE STORY,RRFALL15H,TRR_15_TVC_FALL_HERO,15,Cable,233.75,0
1/13/20,11:51 AM,Eastern,OXY,national_local,NCIS,RRFALL15LH,TRR_15_TVC_FALL_HERO,15,Cable,34,20
1/13/20,11:58 AM,Eastern,MSN,national_local,MSNBC LIVE W/ C.MELVIN,RRFL15PRLH,TRR_15_TVC_FALL_PRAGMATIST,15,Cable,76.5,25
1/13/20,12:23 PM,Eastern,ENT,national_local,E! NEWS: DAILY POP I,RRFALL15LH,TRR_15_TVC_FALL_HERO,15,Cable,55.25,30
1/13/20,1:47 PM,Eastern,IFC,National,IFC MOVIE,RRFL15PRH,TRR_15_TVC_FALL_PRAGMATIST,15,Cable,85,0
1/13/20,2:22 PM,Eastern,MSN,national_local,MSNBC LIVE W/K.TUR,RRFALL15LH,TRR_15_TVC_FALL_HERO,15,Cable,76.5,25
1/13/20,2:52 PM,Eastern,OXY,national_local,NCIS,RRFL15INLH,TRR_15_TVC_FALL_INNOVATOR,15,Cable,34,20
1/13/20,3:04 PM,Eastern,LAF,National,NIGHT COURT M-F 3P,RRFALL15H,TRR_15_TVC_FALL_HERO,15,Network,85,0
1/13/20,3:12 PM,Eastern,HLN,National,FORENSIC FILES,RRFL15PRH,TRR_15_TVC_FALL_PRAGMATIST,15,Cable,233.75,0
1/13/20,4:32 PM,Eastern,BRV,national_local,BELOW DECK,RRFL15INLH,TRR_15_TVC_FALL_INNOVATOR,15,Cable,72.25,30
1/13/20,4:47 PM,Eastern,OXY,national_local,NCIS,RRFALL15LH,TRR_15_TVC_FALL_HERO,15,Cable,34,20
1/13/20,5:13 PM,Eastern,OXY,national_local,NCIS,RRFL15INLH,TRR_15_TVC_FALL_INNOVATOR,15,Cable,34,20
1/13/20,5:32 PM,Eastern,BRV,national_local,BELOW DECK,RRFALL15LH,TRR_15_TVC_FALL_HERO,15,Cable,72.25,30
1/13/20,5:35 PM,Eastern,LAF,National,THAT 70'S SHW M-F 5:30,RRFL15PRH,TRR_15_TVC_FALL_PRAGMATIST,15,Network,85,0
1/13/20,6:34 PM,Eastern,BRV,national_local,BELOW DECK,RRFL15INLH,TRR_15_TVC_FALL_INNOVATOR,15,Cable,72.25,30
1/13/20,7:22 PM,Eastern,HLN,National,FORENSIC FILES,RRFALL15H,TRR_15_TVC_FALL_HERO,15,Cable,425,0
1/13/20,7:44 PM,Eastern,ENT,national_local,BOTCHED,RRFL15INLH,TRR_15_TVC_FALL_INNOVATOR,15,Cable,106.25,30
1/13/20,7:57 PM,Eastern,MSN,national_local,HARDBALL WITH C. MATTHEWS,RRFL15PRLH,TRR_15_TVC_FALL_PRAGMATIST,15,Cable,127.5,25
1/13/20,8:18 PM,Eastern,OXY,national_local,NCIS,RRFALL15LH,TRR_15_TVC_FALL_HERO,15,Cable,38.25,20
1/13/20,8:31 PM,Eastern,TV1,National,FATAL ATTRACTION,RRFL15PRH,TRR_15_TVC_FALL_PRAGMATIST,15,Cable,255,0
1/13/20,11:14 PM,Eastern,OXY,national_local,NCIS,RRFL15INLH,TRR_15_TVC_FALL_INNOVATOR,15,Cable,38.25,20
1/13/20,11:29 PM,Eastern,MSN,national_local,11TH HOUR W/B. WILLIAMS,RRFALL15LH,TRR_15_TVC_FALL_HERO,15,Cable,34,25
1/13/20,11:42 PM,Eastern,ENT,national_local,BOTCHED,RRFALL15LH,TRR_15_TVC_FALL_HERO,15,Cable,106.25,30
1/14/20,12:31 AM,Eastern,BETJ,National,MUSIC PLAYLIST,RRFL15PRH,TRR_15_TVC_FALL_PRAGMATIST,15,Cable,4.25,0
1/14/20,1:34 AM,Eastern,MSN,national_local,MSNBC DEBATE ANALYSIS,RRFALL15LH,TRR_15_TVC_FALL_HERO,15,Cable,34,25
1/14/20,1:42 AM,Eastern,BRV,national_local,MILLIONAIRE MATCHMAKER,RRFALL15LH,TRR_15_TVC_FALL_HERO,15,Cable,85,30
1/14/20,1:43 AM,Eastern,BETJ,National,MUSIC PLAYLIST,RRFALL15H,TRR_15_TVC_FALL_HERO,15,Cable,4.25,0
1/14/20,1:53 AM,Eastern,OXY,national_local,CHICAGO P.D.,RRFL15INLH,TRR_15_TVC_FALL_INNOVATOR,15,Cable,38.25,20
1/14/20,2:04 AM,Eastern,TV1,National,GOOD TIMES,RRFALL15H,TRR_15_TVC_FALL_HERO,15,Cable,119,0
1/14/20,2:22 AM,Eastern,RLZC,National,GANGSTERS: AMERICAS MOST,RRFL15PRH,TRR_15_TVC_FALL_PRAGMATIST,15,Cable,25.5,0
1/14/20,2:39 AM,Eastern,HLN,National,VENGEANCE: KILLER CWRKRS,RRFALL15H,TRR_15_TVC_FALL_HERO,15,Cable,276.25,0
1/14/20,2:53 AM,Eastern,OXY,national_local,NCIS: LOS ANGELES,RRFALL15LH,TRR_15_TVC_FALL_HERO,15,Cable,6.8,20
1/14/20,3:43 AM,Eastern,HLN,National,FORENSIC FILES,RRFL15PRH,TRR_15_TVC_FALL_PRAGMATIST,15,Cable,85,0
1/14/20,4:28 AM,Eastern,IFC,National,IFC MOVIE,RRFL15PRH,TRR_15_TVC_FALL_PRAGMATIST,15,Cable,25.5,0
1/14/20,4:34 AM,Eastern,HLN,National,FORENSIC FILES,RRFALL15H,TRR_15_TVC_FALL_HERO,15,Cable,85,0
1/14/20,4:34 AM,Eastern,USA,National,CHICAGO PD,RRFL15PRH,TRR_15_TVC_FALL_PRAGMATIST,15,Cable,85,0
1/14/20,4:39 AM,Eastern,VH1,National,MARTIN,RRFL15PRH,TRR_15_TVC_FALL_PRAGMATIST,15,Cable,59.5,0
1/14/20,4:51 AM,Eastern,HLN,National,FORENSIC FILES,RRFL15PRH,TRR_15_TVC_FALL_PRAGMATIST,15,Cable,85,0
1/14/20,5:04 AM,Eastern,IFC,National,IFC MOVIE,RRFALL15H,TRR_15_TVC_FALL_HERO,15,Cable,25.5,0
1/14/20,5:18 AM,Eastern,USA,National,DATELINE,RRFALL15H,TRR_15_TVC_FALL_HERO,15,Cable,85,0
1/14/20,8:09 AM,Eastern,BRV,national_local,VANDERPUMP RULES,RRFL15INLH,TRR_15_TVC_FALL_INNOVATOR,15,Cable,51,30
1/14/20,8:30 AM,Eastern,BRV,national_local,VANDERPUMP RULES,RRFALL15LH,TRR_15_TVC_FALL_HERO,15,Cable,51,30
1/14/20,9:28 AM,Eastern,RLZC,National,NATIONAL ENQUIRER INVESTI,RRFL15PRH,TRR_15_TVC_FALL_PRAGMATIST,15,Cable,59.5,0
1/14/20,10:16 AM,Eastern,MSN,national_local,MSNBC LIVE W/ H.JACKSON,RRFALL15LH,TRR_15_TVC_FALL_HERO,15,Cable,76.5,25
1/14/20,10:20 AM,Eastern,OXY,national_local,CHICAGO P.D.,RRFALL15LH,TRR_15_TVC_FALL_HERO,15,Cable,34,20
1/14/20,10:42 AM,Eastern,RLZC,National,NATIONAL ENQUIRER INVESTI,RRFALL15H,TRR_15_TVC_FALL_HERO,15,Cable,59.5,0
1/14/20,11:48 AM,Eastern,IFC,National,IFC MOVIE,RRFL15PRH,TRR_15_TVC_FALL_PRAGMATIST,15,Cable,85,0
1/14/20,11:59 AM,Eastern,MSN,national_local,MSNBC LIVE W/ C.MELVIN,RRFL15PRLH,TRR_15_TVC_FALL_PRAGMATIST,15,Cable,76.5,25
1/14/20,12:49 PM,Eastern,OXY,national_local,CHICAGO P.D.,RRFL15INLH,TRR_15_TVC_FALL_INNOVATOR,15,Cable,34,20
1/14/20,1:01 PM,Eastern,IFC,National,IFC MOVIE,RRFALL15H,TRR_15_TVC_FALL_HERO,15,Cable,85,0
1/14/20,1:25 PM,Eastern,MSN,national_local,MSNBC LIVE W/VELSHI&RUHLE,RRFALL15LH,TRR_15_TVC_FALL_HERO,15,Cable,76.5,25
1/14/20,2:20 PM,Eastern,ENT,national_local,KEEPING UP KARDASHIANS,RRFL15INLH,TRR_15_TVC_FALL_INNOVATOR,15,Cable,55.25,30
1/14/20,3:54 PM,Eastern,OXY,national_local,CHICAGO P.D.,RRFALL15LH,TRR_15_TVC_FALL_HERO,15,Cable,34,20
1/14/20,4:13 PM,Eastern,LAF,National,THAT 70'S SHW M-F 4,RRFALL15H,TRR_15_TVC_FALL_HERO,15,Network,85,0
1/14/20,4:32 PM,Eastern,BRV,national_local,VANDERPUMP RULES,RRFL15INLH,TRR_15_TVC_FALL_INNOVATOR,15,Cable,72.25,30
1/14/20,5:11 PM,Eastern,BRV,national_local,VANDERPUMP RULES,RRFALL15LH,TRR_15_TVC_FALL_HERO,15,Cable,72.25,30
1/14/20,5:34 PM,Eastern,MSN,national_local,MTP DAILY,RRFL15PRLH,TRR_15_TVC_FALL_PRAGMATIST,15,Cable,76.5,25
1/14/20,5:45 PM,Eastern,LAF,National,THAT 70'S SHW M-F 5:30,RRFL15PRH,TRR_15_TVC_FALL_PRAGMATIST,15,Network,85,0
1/14/20,5:51 PM,Eastern,OXY,national_local,CHICAGO P.D.,RRFL15INLH,TRR_15_TVC_FALL_INNOVATOR,15,Cable,34,20
1/14/20,6:11 PM,Eastern,BRV,national_local,VANDERPUMP RULES,RRFL15INLH,TRR_15_TVC_FALL_INNOVATOR,15,Cable,72.25,30
1/14/20,6:51 PM,Eastern,OXY,national_local,CHICAGO P.D.,RRFALL15LH,TRR_15_TVC_FALL_HERO,15,Cable,38.25,20
1/14/20,8:27 PM,Eastern,BETJ,National,MUSIC PLAYLIST,RRFL15PRH,TRR_15_TVC_FALL_PRAGMATIST,15,Cable,6.8,0
1/14/20,8:50 PM,Eastern,ENT,national_local,MOVIES WE LOVE,RRFALL15LH,TRR_15_TVC_FALL_HERO,15,Cable,106.25,30
1/14/20,9:24 PM,Eastern,ENT,national_local,MOVIES WE LOVE,RRFL15INLH,TRR_15_TVC_FALL_INNOVATOR,15,Cable,106.25,30
1/14/20,9:25 PM,Eastern,BETJ,National,MUSIC PLAYLIST,RRFALL15H,TRR_15_TVC_FALL_HERO,15,Cable,6.8,0
1/14/20,10:25 PM,Eastern,BETJ,National,TIMBALAND TUESDAY,RRFL15PRH,TRR_15_TVC_FALL_PRAGMATIST,15,Cable,6.8,0
1/14/20,11:27 PM,Eastern,BETJ,National,MUSIC PLAYLIST,RRFALL15H,TRR_15_TVC_FALL_HERO,15,Cable,6.8,0
1/15/20,12:11 AM,Eastern,OXY,national_local,AARON HERNANDEZ UNCOVERED,RRFL15INLH,TRR_15_TVC_FALL_INNOVATOR,15,Cable,38.25,20
1/15/20,12:32 AM,Eastern,BETJ,National,SLOW JAMS,RRFL15PRH,TRR_15_TVC_FALL_PRAGMATIST,15,Cable,4.25,0
1/15/20,1:35 AM,Eastern,OXY,national_local,AARON HERNANDEZ UNCOVERED,RRFALL15LH,TRR_15_TVC_FALL_HERO,15,Cable,38.25,20
1/15/20,1:51 AM,Eastern,BETJ,National,WEST COAST WEDNESDAY,RRFALL15H,TRR_15_TVC_FALL_HERO,15,Cable,4.25,0
1/15/20,2:07 AM,Eastern,RLZC,National,SPECIAL,RRFALL15H,TRR_15_TVC_FALL_HERO,15,Cable,25.5,0
1/15/20,2:19 AM,Eastern,TV1,National,GOOD TIMES,RRFALL15H,TRR_15_TVC_FALL_HERO,15,Cable,119,0
1/15/20,2:25 AM,Eastern,IFC,National,IFC MOVIE,RRFL15PRH,TRR_15_TVC_FALL_PRAGMATIST,15,Cable,25.5,0
1/15/20,2:25 AM,Eastern,OXY,national_local,SNAPPED,RRFL15INLH,TRR_15_TVC_FALL_INNOVATOR,15,Cable,6.8,20
1/15/20,2:36 AM,Eastern,USA,National,LAW & ORDER: SVU,RRFL15PRH,TRR_15_TVC_FALL_PRAGMATIST,15,Cable,255,0
1/15/20,2:42 AM,Eastern,HLN,National,FORENSIC FILES,RRFALL15H,TRR_15_TVC_FALL_HERO,15,Cable,276.25,0
1/15/20,2:53 AM,Eastern,USA,National,LAW & ORDER: SVU,RRFALL15H,TRR_15_TVC_FALL_HERO,15,Cable,255,0
1/15/20,2:56 AM,Eastern,RLZC,National,CELEBRITY PAGE,RRFL15PRH,TRR_15_TVC_FALL_PRAGMATIST,15,Cable,25.5,0
1/15/20,3:03 AM,Eastern,USA,National,LAW & ORDER: SVU,RRFL15PRH,TRR_15_TVC_FALL_PRAGMATIST,15,Cable,255,0
1/15/20,3:23 AM,Eastern,HLN,National,FORENSIC FILES,RRFL15PRH,TRR_15_TVC_FALL_PRAGMATIST,15,Cable,85,0
1/15/20,3:39 AM,Eastern,BRV,national_local,BLIND DATE,RRFL15INLH,TRR_15_TVC_FALL_INNOVATOR,15,Cable,6.8,30
1/15/20,3:42 AM,Eastern,USA,National,LAW & ORDER: SVU,RRFALL15H,TRR_15_TVC_FALL_HERO,15,Cable,85,0
1/15/20,4:07 AM,Eastern,IFC,National,TOAST OF LONDON,RRFALL15H,TRR_15_TVC_FALL_HERO,15,Cable,25.5,0
1/15/20,4:07 AM,Eastern,VH1,National,MARTIN,RRFALL15H,TRR_15_TVC_FALL_HERO,15,Cable,59.5,0
1/15/20,4:35 AM,Eastern,VH1,National,MARTIN,RRFL15PRH,TRR_15_TVC_FALL_PRAGMATIST,15,Cable,59.5,0
1/15/20,4:47 AM,Eastern,BRV,national_local,KELLY CLARKSON SHOW,RRFALL15LH,TRR_15_TVC_FALL_HERO,15,Cable,6.8,30
1/15/20,5:59 AM,Eastern,BRV,national_local,TBD,RRFL15INLH,TRR_15_TVC_FALL_INNOVATOR,15,Cable,6.8,30
1/15/20,9:09 AM,Eastern,BRV,national_local,REAL HSWIVES OF NJ,RRFL15INLH,TRR_15_TVC_FALL_INNOVATOR,15,Cable,51,30
1/15/20,9:10 AM,Eastern,RLZC,National,STALKER FILES  THE,RRFALL15H,TRR_15_TVC_FALL_HERO,15,Cable,59.5,0
1/15/20,10:23 AM,Eastern,RLZC,National,STALKER FILES  THE,RRFL15PRH,TRR_15_TVC_FALL_PRAGMATIST,15,Cable,59.5,0
1/15/20,11:35 AM,Eastern,OXY,national_local,AARON HERNANDEZ UNCOVERED,RRFL15INLH,TRR_15_TVC_FALL_INNOVATOR,15,Cable,34,20
1/15/20,11:57 AM,Eastern,IFC,National,IFC MOVIE,RRFL15PRH,TRR_15_TVC_FALL_PRAGMATIST,15,Cable,85,0
1/15/20,12:48 PM,Eastern,IFC,National,IFC MOVIE,RRFALL15H,TRR_15_TVC_FALL_HERO,15,Cable,85,0
1/15/20,1:39 PM,Eastern,HLN,National,HOW IT REALLY HAPPENED,RRFALL15H,TRR_15_TVC_FALL_HERO,15,Cable,233.75,0
1/15/20,1:44 PM,Eastern,ENT,national_local,BOTCHED,RRFALL15LH,TRR_15_TVC_FALL_HERO,15,Cable,55.25,30
1/15/20,4:28 PM,Eastern,OXY,national_local,SNAPPED,RRFALL15LH,TRR_15_TVC_FALL_HERO,15,Cable,34,20
1/15/20,4:32 PM,Eastern,BRV,national_local,REAL HSWIVES OF NJ,RRFALL15LH,TRR_15_TVC_FALL_HERO,15,Cable,72.25,30
1/15/20,4:45 PM,Eastern,ENT,national_local,BOTCHED,RRFL15INLH,TRR_15_TVC_FALL_INNOVATOR,15,Cable,55.25,30
1/15/20,4:57 PM,Eastern,LAF,National,THAT 70'S SHW M-F 4:30P,RRFALL15H,TRR_15_TVC_FALL_HERO,15,Network,85,0
1/15/20,5:45 PM,Eastern,LAF,National,THAT 70'S SHW M-F 5:30,RRFL15PRH,TRR_15_TVC_FALL_PRAGMATIST,15,Network,85,0
1/15/20,6:48 PM,Eastern,ENT,national_local,CHRISLEY KNOWS BEST,RRFALL15LH,TRR_15_TVC_FALL_HERO,15,Cable,106.25,30
1/15/20,7:24 PM,Eastern,BETJ,National,MUSIC PLAYLIST,RRFL15PRH,TRR_15_TVC_FALL_PRAGMATIST,15,Cable,6.8,0
1/15/20,7:25 PM,Eastern,HLN,National,FORENSIC FILES,RRFL15PRH,TRR_15_TVC_FALL_PRAGMATIST,15,Cable,425,0
1/15/20,8:48 PM,Eastern,BETJ,National,MUSIC PLAYLIST,RRFALL15H,TRR_15_TVC_FALL_HERO,15,Cable,6.8,0
1/15/20,10:35 PM,Eastern,TV1,National,UNSUNG HOLLYWOOD,RRFL15PRH,TRR_15_TVC_FALL_PRAGMATIST,15,Cable,255,0
1/15/20,10:44 PM,Eastern,BETJ,National,WU WEDNESDAY,RRFL15PRH,TRR_15_TVC_FALL_PRAGMATIST,15,Cable,6.8,0
1/15/20,10:49 PM,Eastern,ENT,national_local,MEET THE FRASERS,RRFL15INLH,TRR_15_TVC_FALL_INNOVATOR,15,Cable,106.25,30
1/15/20,11:30 PM,Eastern,BETJ,National,MUSIC PLAYLIST,RRFALL15H,TRR_15_TVC_FALL_HERO,15,Cable,6.8,0
1/16/20,12:12 AM,Eastern,BRV,national_local,REAL HSWIVES OF NJ,RRFL15INLH,TRR_15_TVC_FALL_INNOVATOR,15,Cable,85,30
1/16/20,1:12 AM,Eastern,BRV,national_local,VANDERPUMP RULES,RRFALL15LH,TRR_15_TVC_FALL_HERO,15,Cable,85,30
1/16/20,1:48 AM,Eastern,BETJ,National,MUSIC PLAYLIST,RRFL15PRH,TRR_15_TVC_FALL_PRAGMATIST,15,Cable,4.25,0
1/16/20,2:04 AM,Eastern,TV1,National,GOOD TIMES,RRFL15PRH,TRR_15_TVC_FALL_PRAGMATIST,15,Cable,119,0
1/16/20,2:11 AM,Eastern,RLZC,National,AUTOPSY (ORIGINAL),RRFALL15H,TRR_15_TVC_FALL_HERO,15,Cable,25.5,0
1/16/20,2:32 AM,Eastern,BETJ,National,THROWBACK THURSDAY,RRFALL15H,TRR_15_TVC_FALL_HERO,15,Cable,4.25,0
1/16/20,2:42 AM,Eastern,HLN,National,FORENSIC FILES,RRFALL15H,TRR_15_TVC_FALL_HERO,15,Cable,276.25,0
1/16/20,2:49 AM,Eastern,RLZC,National,CELEBRITY PAGE,RRFL15PRH,TRR_15_TVC_FALL_PRAGMATIST,15,Cable,25.5,0
1/16/20,3:14 AM,Eastern,IFC,National,IFC MOVIE,RRFL15PRH,TRR_15_TVC_FALL_PRAGMATIST,15,Cable,25.5,0
1/16/20,3:37 AM,Eastern,VH1,National,MTV WILD N OUT,RRFALL15H,TRR_15_TVC_FALL_HERO,15,Cable,59.5,0
1/16/20,4:25 AM,Eastern,HLN,National,FORENSIC FILES,RRFL15PRH,TRR_15_TVC_FALL_PRAGMATIST,15,Cable,85,0
1/16/20,4:38 AM,Eastern,USA,National,CHICAGO PD,RRFL15PRH,TRR_15_TVC_FALL_PRAGMATIST,15,Cable,85,0
1/16/20,5:05 AM,Eastern,USA,National,DATELINE,RRFALL15H,TRR_15_TVC_FALL_HERO,15,Cable,85,0
1/16/20,5:16 AM,Eastern,IFC,National,IFC MOVIE,RRFALL15H,TRR_15_TVC_FALL_HERO,15,Cable,25.5,0
1/16/20,5:29 AM,Eastern,BRV,national_local,TBD,RRFL15INLH,TRR_15_TVC_FALL_INNOVATOR,15,Cable,6.8,30
1/16/20,8:11 AM,Eastern,BRV,national_local,MILLION DOLLAR LISTING LA,RRFALL15LH,TRR_15_TVC_FALL_HERO,15,Cable,51,30
1/16/20,9:04 AM,Eastern,BRV,national_local,MILLION DOLLAR LISTING LA,RRFL15INLH,TRR_15_TVC_FALL_INNOVATOR,15,Cable,51,30
1/16/20,9:14 AM,Eastern,RLZC,National,WILL: FAMILY SECRETS,RRFALL15H,TRR_15_TVC_FALL_HERO,15,Cable,59.5,0
1/16/20,9:47 AM,Eastern,BRV,national_local,LISTING IMPOSSIBLE,RRFALL15LH,TRR_15_TVC_FALL_HERO,15,Cable,51,30
1/16/20,9:48 AM,Eastern,RLZC,National,WILL: FAMILY SECRETS,RRFL15PRH,TRR_15_TVC_FALL_PRAGMATIST,15,Cable,59.5,0
1/16/20,10:00 AM,Eastern,IFC,National,IFC MOVIE,RRFL15PRH,TRR_15_TVC_FALL_PRAGMATIST,15,Cable,85,0
1/16/20,10:57 AM,Eastern,HLN,National,ON THE STORY,RRFALL15H,TRR_15_TVC_FALL_HERO,15,Cable,233.75,0
1/16/20,12:50 PM,Eastern,ENT,national_local,E! NEWS: DAILY POP I,RRFALL15LH,TRR_15_TVC_FALL_HERO,15,Cable,55.25,30
1/16/20,1:30 PM,Eastern,IFC,National,IFC MOVIE,RRFALL15H,TRR_15_TVC_FALL_HERO,15,Cable,85,0
1/16/20,1:55 PM,Eastern,OXY,national_local,SNAPPED,RRFALL15LH,TRR_15_TVC_FALL_HERO,15,Cable,34,20
1/16/20,3:40 PM,Eastern,BRV,national_local,MILLION DOLLAR LISTING LA,RRFL15INLH,TRR_15_TVC_FALL_INNOVATOR,15,Cable,72.25,30
1/16/20,4:05 PM,Eastern,LAF,National,THAT 70'S SHW M-F 4,RRFALL15H,TRR_15_TVC_FALL_HERO,15,Network,85,0
1/16/20,4:27 PM,Eastern,MSN,national_local,DEADLINE:WHITE HOUSE,RRFL15PRLH,TRR_15_TVC_FALL_PRAGMATIST,15,Cable,76.5,25
1/16/20,4:27 PM,Eastern,OXY,national_local,SNAPPED,RRFL15INLH,TRR_15_TVC_FALL_INNOVATOR,15,Cable,34,20
1/16/20,4:42 PM,Eastern,BRV,national_local,MILLION DOLLAR LISTING LA,RRFALL15LH,TRR_15_TVC_FALL_HERO,15,Cable,72.25,30
1/16/20,5:12 PM,Eastern,ENT,national_local,VERY CAVALLARI,RRFL15INLH,TRR_15_TVC_FALL_INNOVATOR,15,Cable,55.25,30
1/16/20,5:33 PM,Eastern,LAF,National,THAT 70'S SHW M-F 5:30,RRFL15PRH,TRR_15_TVC_FALL_PRAGMATIST,15,Network,85,0
1/16/20,6:44 PM,Eastern,ENT,national_local,VERY CAVALLARI,RRFALL15LH,TRR_15_TVC_FALL_HERO,15,Cable,106.25,30
1/16/20,7:12 PM,Eastern,BETJ,National,MUSIC PLAYLIST,RRFL15PRH,TRR_15_TVC_FALL_PRAGMATIST,15,Cable,6.8,0
1/16/20,7:46 PM,Eastern,HLN,National,FORENSIC FILES,RRFL15PRH,TRR_15_TVC_FALL_PRAGMATIST,15,Cable,425,0
1/16/20,8:14 PM,Eastern,BETJ,National,MUSIC PLAYLIST,RRFALL15H,TRR_15_TVC_FALL_HERO,15,Cable,6.8,0
1/16/20,8:43 PM,Eastern,ENT,national_local,VERY CAVALLARI,RRFL15INLH,TRR_15_TVC_FALL_INNOVATOR,15,Cable,106.25,30
1/16/20,9:43 PM,Eastern,BETJ,National,MUSIC PLAYLIST,RRFL15PRH,TRR_15_TVC_FALL_PRAGMATIST,15,Cable,6.8,0
1/16/20,9:58 PM,Eastern,MSN,national_local,RACHEL MADDOW SHOW,RRFALL15LH,TRR_15_TVC_FALL_HERO,15,Cable,127.5,25
1/16/20,10:32 PM,Eastern,MSN,national_local,LAST WORD W/ L. ODONNELL,RRFL15PRLH,TRR_15_TVC_FALL_PRAGMATIST,15,Cable,127.5,25
1/16/20,10:51 PM,Eastern,OXY,national_local,SNAPPED,RRFALL15LH,TRR_15_TVC_FALL_HERO,15,Cable,38.25,20
1/16/20,11:30 PM,Eastern,BETJ,National,MUSIC PLAYLIST,RRFALL15H,TRR_15_TVC_FALL_HERO,15,Cable,6.8,0
1/17/20,12:47 AM,Eastern,BETJ,National,MUSIC PLAYLIST,RRFALL15H,TRR_15_TVC_FALL_HERO,15,Cable,4.25,0
1/17/20,12:50 AM,Eastern,OXY,national_local,DATELINE: SECRETS UNCOVRD,RRFALL15LH,TRR_15_TVC_FALL_HERO,15,Cable,38.25,20
1/17/20,1:45 AM,Eastern,BETJ,National,MUSIC PLAYLIST,RRFL15PRH,TRR_15_TVC_FALL_PRAGMATIST,15,Cable,4.25,0
1/17/20,2:10 AM,Eastern,RLZC,National,SPECIAL,RRFALL15H,TRR_15_TVC_FALL_HERO,15,Cable,25.5,0
1/17/20,2:18 AM,Eastern,BETJ,National,MUSIC PLAYLIST,RRFALL15H,TRR_15_TVC_FALL_HERO,15,Cable,4.25,0
1/17/20,2:48 AM,Eastern,BETJ,National,MUSIC PLAYLIST,RRFL15PRH,TRR_15_TVC_FALL_PRAGMATIST,15,Cable,4.25,0
1/17/20,2:50 AM,Eastern,OXY,national_local,DATELINE: SECRETS UNCOVRD,RRFL15INLH,TRR_15_TVC_FALL_INNOVATOR,15,Cable,6.8,20
1/17/20,2:50 AM,Eastern,RLZC,National,CELEBRITY PAGE,RRFL15PRH,TRR_15_TVC_FALL_PRAGMATIST,15,Cable,25.5,0
1/17/20,2:52 AM,Eastern,OXY,national_local,DATELINE: SECRETS UNCOVRD,RRFALL15LH,TRR_15_TVC_FALL_HERO,15,Cable,6.8,20
1/17/20,3:10 AM,Eastern,USA,National,DATELINE,RRFL15PRH,TRR_15_TVC_FALL_PRAGMATIST,15,Cable,85,0
1/17/20,3:36 AM,Eastern,HLN,National,FORENSIC FILES,RRFALL15H,TRR_15_TVC_FALL_HERO,15,Cable,85,0
1/17/20,4:08 AM,Eastern,BRV,national_local,WHOSE LINE IS IT ANYWAY?,RRFL15INLH,TRR_15_TVC_FALL_INNOVATOR,15,Cable,6.8,30
1/17/20,4:11 AM,Eastern,USA,National,DATELINE,RRFALL15H,TRR_15_TVC_FALL_HERO,15,Cable,85,0
1/17/20,4:38 AM,Eastern,VH1,National,CHEATERS,RRFL15PRH,TRR_15_TVC_FALL_PRAGMATIST,15,Cable,59.5,0
1/17/20,5:23 AM,Eastern,IFC,National,MST3K,RRFL15PRH,TRR_15_TVC_FALL_PRAGMATIST,15,Cable,25.5,0
1/17/20,9:14 AM,Eastern,RLZC,National,BROKE & FAMOUS,RRFALL15H,TRR_15_TVC_FALL_HERO,15,Cable,59.5,0
1/17/20,9:19 AM,Eastern,MSN,national_local,MSNBC LIVE W/ S.RUHLE,RRFALL15LH,TRR_15_TVC_FALL_HERO,15,Cable,76.5,25
1/17/20,9:33 AM,Eastern,BRV,national_local,REAL HOUSEWIVES ATLANTA,RRFALL15LH,TRR_15_TVC_FALL_HERO,15,Cable,51,30
1/17/20,9:53 AM,Eastern,RLZC,National,BROKE & FAMOUS,RRFL15PRH,TRR_15_TVC_FALL_PRAGMATIST,15,Cable,59.5,0
1/17/20,10:32 AM,Eastern,OXY,national_local,DATELINE: SECRETS UNCOVRD,RRFL15INLH,TRR_15_TVC_FALL_INNOVATOR,15,Cable,34,20
1/17/20,10:33 AM,Eastern,OXY,national_local,DATELINE: SECRETS UNCOVRD,RRFALL15LH,TRR_15_TVC_FALL_HERO,15,Cable,34,20
1/17/20,11:06 AM,Eastern,IFC,National,IFC MOVIE,RRFL15PRH,TRR_15_TVC_FALL_PRAGMATIST,15,Cable,85,0
1/17/20,12:32 PM,Eastern,IFC,National,IFC MOVIE,RRFALL15H,TRR_15_TVC_FALL_HERO,15,Cable,85,0
1/17/20,2:23 PM,Eastern,ENT,national_local,KEEPING UP KARDASHIANS,RRFALL15LH,TRR_15_TVC_FALL_HERO,15,Cable,55.25,30
1/17/20,3:17 PM,Eastern,ENT,national_local,KEEPING UP KARDASHIANS,RRFL15INLH,TRR_15_TVC_FALL_INNOVATOR,15,Cable,55.25,30
1/17/20,4:04 PM,Eastern,LAF,National,THAT 70'S SHW M-F 4,RRFALL15H,TRR_15_TVC_FALL_HERO,15,Network,85,0
1/17/20,4:09 PM,Eastern,OXY,national_local,DATELINE: SECRETS UNCOVRD,RRFL15INLH,TRR_15_TVC_FALL_INNOVATOR,15,Cable,34,20
1/17/20,5:53 PM,Eastern,BRV,national_local,REAL HOUSEWIVES ATLANTA,RRFL15INLH,TRR_15_TVC_FALL_INNOVATOR,15,Cable,72.25,30
1/17/20,5:57 PM,Eastern,LAF,National,THAT 70'S SHW M-F 5:30,RRFL15PRH,TRR_15_TVC_FALL_PRAGMATIST,15,Network,85,0
1/17/20,8:51 PM,Eastern,MSN,national_local,ALL IN W/ CHRIS HAYES,RRFL15PRLH,TRR_15_TVC_FALL_PRAGMATIST,15,Cable,127.5,25
1/17/20,9:13 PM,Eastern,BETJ,National,MUSIC PLAYLIST,RRFL15PRH,TRR_15_TVC_FALL_PRAGMATIST,15,Cable,6.8,0
1/17/20,10:34 PM,Eastern,BETJ,National,FACE-OFF FRIDAY,RRFALL15H,TRR_15_TVC_FALL_HERO,15,Cable,6.8,0
1/17/20,10:51 PM,Eastern,MSN,national_local,LAST WORD W/ L. ODONNELL,RRFALL15LH,TRR_15_TVC_FALL_HERO,15,Cable,127.5,25
1/17/20,11:12 PM,Eastern,BETJ,National,MUSIC PLAYLIST,RRFL15PRH,TRR_15_TVC_FALL_PRAGMATIST,15,Cable,6.8,0
1/17/20,11:40 PM,Eastern,BRV,national_local,CHRISLEY KNOWS BEST,RRFALL15LH,TRR_15_TVC_FALL_HERO,15,Cable,85,30
1/18/20,12:49 AM,Eastern,BETJ,National,MUSIC PLAYLIST,RRFALL15H,TRR_15_TVC_FALL_HERO,15,Cable,4.25,0
1/18/20,1:51 AM,Eastern,MSN,national_local,LAST WORD W. LO SPEC,RRFALL15LH,TRR_15_TVC_FALL_HERO,15,Cable,34,25
1/18/20,2:10 AM,Eastern,RLZC,National,AUTOPSY (ORIGINAL),RRFALL15H,TRR_15_TVC_FALL_HERO,15,Cable,25.5,0
1/18/20,2:20 AM,Eastern,OXY,national_local,CRIMINAL CONFESSIONS,RRFALL15LH,TRR_15_TVC_FALL_HERO,15,Cable,6.8,20
1/18/20,2:49 AM,Eastern,BETJ,National,MUSIC PLAYLIST,RRFL15PRH,TRR_15_TVC_FALL_PRAGMATIST,15,Cable,4.25,0
1/18/20,3:51 AM,Eastern,IFC,National,IFC MOVIE,RRFALL15H,TRR_15_TVC_FALL_HERO,15,Cable,25.5,0
1/18/20,4:12 AM,Eastern,BRV,national_local,BLIND DATE,RRFALL15LH,TRR_15_TVC_FALL_HERO,15,Cable,6.8,30
1/18/20,4:29 AM,Eastern,USA,National,CHICAGO PD,RRFL15PRH,TRR_15_TVC_FALL_PRAGMATIST,15,Cable,85,0
1/18/20,4:37 AM,Eastern,BRV,national_local,BLIND DATE,RRFL15INLH,TRR_15_TVC_FALL_INNOVATOR,15,Cable,6.8,30
1/18/20,4:42 AM,Eastern,HLN,National,FORENSIC FILES,RRFL15PRH,TRR_15_TVC_FALL_PRAGMATIST,15,Cable,85,0
1/18/20,5:34 AM,Eastern,BRV,national_local,TBD,RRFALL15LH,TRR_15_TVC_FALL_HERO,15,Cable,6.8,30
1/18/20,5:36 AM,Eastern,USA,National,CHICAGO PD,RRFALL15H,TRR_15_TVC_FALL_HERO,15,Cable,85,0
1/18/20,12:11 PM,Eastern,ENT,national_local,BOTCHED,RRFALL15LH,TRR_15_TVC_FALL_HERO,15,Cable,85,30
1/18/20,12:42 PM,Eastern,FX,National,FX MOVIE WKND MORNING,RRFALL15H,TRR_15_TVC_FALL_HERO,15,Cable,1190,0
1/18/20,1:11 PM,Eastern,ENT,national_local,BOTCHED,RRFL15INLH,TRR_15_TVC_FALL_INNOVATOR,15,Cable,85,30
1/18/20,2:19 PM,Eastern,ENT,national_local,MOVIES WE LOVE,RRFALL15LH,TRR_15_TVC_FALL_HERO,15,Cable,85,30
1/18/20,3:08 PM,Eastern,ENT,national_local,MOVIES WE LOVE,RRFL15INLH,TRR_15_TVC_FALL_INNOVATOR,15,Cable,85,30
1/18/20,5:48 PM,Eastern,TV1,National,JEFFERSONS,RRFALL15H,TRR_15_TVC_FALL_HERO,15,Cable,170,0
1/18/20,6:23 PM,Eastern,OXY,national_local,CRIMINAL CONFESSIONS,RRFL15INLH,TRR_15_TVC_FALL_INNOVATOR,15,Cable,38.25,20
1/18/20,7:23 PM,Eastern,ENT,national_local,MOVIES WE LOVE,RRFALL15LH,TRR_15_TVC_FALL_HERO,15,Cable,106.25,30
1/18/20,9:37 PM,Eastern,ENT,national_local,MOVIES WE LOVE,RRFL15INLH,TRR_15_TVC_FALL_INNOVATOR,15,Cable,106.25,30
1/18/20,10:08 PM,Eastern,ENT,national_local,MOVIES WE LOVE,RRFALL15LH,TRR_15_TVC_FALL_HERO,15,Cable,106.25,30
1/18/20,11:20 PM,Eastern,MSN,national_local,11TH HR W/ B.WILLIAMS SPC,RRFALL15LH,TRR_15_TVC_FALL_HERO,15,Cable,34,25
1/18/20,11:30 PM,Eastern,MSN,national_local,11TH HR W/ B.WILLIAMS SPC,RRFL15PRLH,TRR_15_TVC_FALL_PRAGMATIST,15,Cable,34,25
1/19/20,12:10 AM,Eastern,MSN,national_local,DATELINE EXTRA,RRFL15PRLH,TRR_15_TVC_FALL_PRAGMATIST,15,Cable,34,25
1/19/20,1:28 AM,Eastern,MSN,national_local,DATELINE,RRFALL15LH,TRR_15_TVC_FALL_HERO,15,Cable,34,25
1/19/20,2:22 AM,Eastern,RLZC,National,REAL STORY OF...,RRFL15PRH,TRR_15_TVC_FALL_PRAGMATIST,15,Cable,25.5,0
1/19/20,2:51 AM,Eastern,OXY,national_local,MURDERED BY MORNING,RRFALL15LH,TRR_15_TVC_FALL_HERO,15,Cable,6.8,20
1/19/20,3:16 AM,Eastern,USA,National,LAW & ORDER: SVU,RRFL15PRH,TRR_15_TVC_FALL_PRAGMATIST,15,Cable,85,0
1/19/20,3:20 AM,Eastern,IFC,National,IFC MOVIE,RRFL15PRH,TRR_15_TVC_FALL_PRAGMATIST,15,Cable,25.5,0
1/19/20,3:22 AM,Eastern,HLN,National,FORENSIC FILES,RRFALL15H,TRR_15_TVC_FALL_HERO,15,Cable,85,0
1/19/20,12:04 PM,Eastern,TV1,National,JEFFERSONS,RRFL15PRH,TRR_15_TVC_FALL_PRAGMATIST,15,Cable,170,0
1/19/20,4:06 PM,Eastern,ENT,national_local,MOVIES WE LOVE,RRFL15INLH,TRR_15_TVC_FALL_INNOVATOR,15,Cable,85,30
1/19/20,4:35 PM,Eastern,ENT,national_local,MOVIES WE LOVE,RRFALL15LH,TRR_15_TVC_FALL_HERO,15,Cable,85,30
1/19/20,5:20 PM,Eastern,ENT,national_local,MOVIES WE LOVE,RRFL15INLH,TRR_15_TVC_FALL_INNOVATOR,15,Cable,85,30
1/19/20,5:50 PM,Eastern,ENT,national_local,MOVIES WE LOVE,RRFALL15LH,TRR_15_TVC_FALL_HERO,15,Cable,85,30
1/19/20,6:17 PM,Eastern,ENT,national_local,MOVIES WE LOVE,RRFL15INLH,TRR_15_TVC_FALL_INNOVATOR,15,Cable,106.25,30
1/19/20,7:22 PM,Eastern,OXY,national_local,MURDERED BY MORNING,RRFL15INLH,TRR_15_TVC_FALL_INNOVATOR,15,Cable,38.25,20
1/19/20,9:50 PM,Eastern,ENT,national_local,MOVIES WE LOVE,RRFALL15LH,TRR_15_TVC_FALL_HERO,15,Cable,106.25,30
1/19/20,11:36 PM,Eastern,ENT,national_local,MOVIES WE LOVE,RRFL15INLH,TRR_15_TVC_FALL_INNOVATOR,15,Cable,106.25,30
1/13/20,12:16 AM,Eastern,WGNA,national_local,MARRIED WITH CHILDREN,RRFALL30LH,TRR_30_TVC_FALL_HERO,30,Cable,170,80
1/13/20,12:28 AM,Eastern,ADS,national_local,MIKE TYSON MYSTERIES,RRFALL30LH,TRR_30_TVC_FALL_HERO,30,Cable,85,20
1/13/20,12:58 AM,Eastern,ADS,national_local,MOMMA NAMED ME SHERIFF,RRFALL30LH,TRR_30_TVC_FALL_HERO,30,Cable,85,20
1/13/20,1:02 AM,Eastern,BRV,national_local,REAL HOUSEWIVES ATLANTA,RRFALL30LH,TRR_30_TVC_FALL_HERO,30,Cable,191.25,30
1/13/20,1:20 AM,Eastern,CNNE,National,MEXICO OPI,RRHISF30H,TRR_30_TVC_FALL_HISPANIC,30,Cable,17,0
1/13/20,1:28 AM,Eastern,FBN,National,PAID PROGRAM,RRFALL30H,TRR_30_TVC_FALL_HERO,30,Cable,76.5,0
1/13/20,1:45 AM,Eastern,BRV,national_local,MILLIONAIRE MATCHMAKER,RRFALL30LH,TRR_30_TVC_FALL_HERO,30,Cable,191.25,30
1/13/20,1:49 AM,Eastern,CNNE,National,MEXICO OPI,RRHISF30H,TRR_30_TVC_FALL_HISPANIC,30,Cable,17,0
1/13/20,2:52 AM,Eastern,HEE,National,CAZADORES DE TESOROS,RRHISF30H,TRR_30_TVC_FALL_HISPANIC,30,Cable,0,0
1/13/20,2:55 AM,Eastern,WE,National,CSI MIAMI,RRFALL30H,TRR_30_TVC_FALL_HERO,30,Cable,127.5,0
1/13/20,2:57 AM,Eastern,WGNA,national_local,HOW I MET YOUR MOTHER,RRFALL30LH,TRR_30_TVC_FALL_HERO,30,Cable,29.75,80
1/13/20,3:05 AM,Eastern,SUND,National,SUND MOVIE,RRFALL30H,TRR_30_TVC_FALL_HERO,30,Cable,51,0
1/13/20,3:10 AM,Eastern,BRV,national_local,MILLIONAIRE MATCHMAKER,RRFALL30LH,TRR_30_TVC_FALL_HERO,30,Cable,21.25,30
1/13/20,3:18 AM,Eastern,TBSC,National,IMPRACTICAL JOKERS,RRFALL30H,TRR_30_TVC_FALL_HERO,30,Cable,255,0
1/13/20,3:25 AM,Eastern,HEE,National,DESAFIO SOBRE FUEGO,RRHISF30H,TRR_30_TVC_FALL_HISPANIC,30,Cable,0,0
1/13/20,3:31 AM,Eastern,NGC,National,NAZI MEGASTRUCTURES,RRFALL30H,TRR_30_TVC_FALL_HERO,30,Cable,85,0
1/13/20,3:46 AM,Eastern,AMC,National,AMC MOVIE,RRFALL30H,TRR_30_TVC_FALL_HERO,30,Cable,170,0
1/13/20,4:24 AM,Eastern,BRV,national_local,KELLY CLARKSON SHOW,RRFALL30LH,TRR_30_TVC_FALL_HERO,30,Cable,21.25,30
1/13/20,4:26 AM,Eastern,NGC,National,NAZI MEGASTRUCTURES,RRFALL30H,TRR_30_TVC_FALL_HERO,30,Cable,85,0
1/13/20,4:28 AM,Eastern,ADS,national_local,MORAL OREL,RRFALL30LH,TRR_30_TVC_FALL_HERO,30,Cable,42.5,20
1/13/20,5:11 AM,Eastern,ID,national_local,OBSESSION: DARK DESIRES,RRFALL30LH,TRR_30_TVC_FALL_HERO,30,Cable,55.25,20
1/13/20,5:49 AM,Eastern,ID,national_local,OBSESSION: DARK DESIRES,RRFALL30LH,TRR_30_TVC_FALL_HERO,30,Cable,55.25,20
1/13/20,8:13 AM,Eastern,CNNA,National,N/A,RRFALL30H,TRR_30_TVC_FALL_HERO,30,Cable,42.5,0
1/13/20,8:49 AM,Eastern,CNNE,National,CAFE CNN,RRHISF30H,TRR_30_TVC_FALL_HISPANIC,30,Cable,29.75,0
1/13/20,9:15 AM,Eastern,OXY,national_local,NCIS: LOS ANGELES,RRFALL30LH,TRR_30_TVC_FALL_HERO,30,Cable,68,20
1/13/20,9:18 AM,Eastern,CNNE,National,PERSPECTIV,RRHISF30H,TRR_30_TVC_FALL_HISPANIC,30,Cable,29.75,0
1/13/20,10:36 AM,Eastern,HEE,National,EL PRECIO DE LA HISTORIA,RRHISF30H,TRR_30_TVC_FALL_HISPANIC,30,Cable,25.5,0
1/13/20,12:15 PM,Eastern,NMX,National,TBD,RRFALL30H,TRR_30_TVC_FALL_HERO,30,Cable,25.5,0
1/13/20,1:44 PM,Eastern,TRU,National,WORLDS DUMBEST,RRFALL30H,TRR_30_TVC_FALL_HERO,30,Cable,318.75,0
1/13/20,2:13 PM,Eastern,BLOOM,National,BLOOMBERG MARKETS: THE CL,RRFALL30H,TRR_30_TVC_FALL_HERO,30,Cable,148.75,0
1/13/20,2:30 PM,Eastern,FBN,National,MAKING MONEY W/C.PAYNE,RRFALL30H,TRR_30_TVC_FALL_HERO,30,Cable,340,0
1/13/20,3:16 PM,Eastern,NMX,National,TBD,RRFALL30H,TRR_30_TVC_FALL_HERO,30,Cable,25.5,0
1/13/20,3:48 PM,Eastern,OXY,national_local,NCIS,RRFALL30LH,TRR_30_TVC_FALL_HERO,30,Cable,68,20
1/13/20,4:24 PM,Eastern,ACCUW,National,N/A,RRFALL30H,TRR_30_TVC_FALL_HERO,30,Cable,25.5,0
1/13/20,4:24 PM,Eastern,NMX,National,TBD,RRFALL30H,TRR_30_TVC_FALL_HERO,30,Cable,25.5,0
1/13/20,4:57 PM,Eastern,BLOOM,National,WHAT'D YOU MISS?,RRFALL30H,TRR_30_TVC_FALL_HERO,30,Cable,148.75,0
1/13/20,5:12 PM,Eastern,CNNA,National,N/A,RRFALL30H,TRR_30_TVC_FALL_HERO,30,Cable,51,0
1/13/20,5:13 PM,Eastern,ACCUW,National,N/A,RRFALL30H,TRR_30_TVC_FALL_HERO,30,Cable,25.5,0
1/13/20,5:43 PM,Eastern,CNNA,National,N/A,RRFALL30H,TRR_30_TVC_FALL_HERO,30,Cable,51,0
1/13/20,6:06 PM,Eastern,HEE,National,EL PRECIO DE LA HISTORIA,RRHISF30H,TRR_30_TVC_FALL_HISPANIC,30,Cable,29.75,0
1/13/20,6:55 PM,Eastern,FBN,National,EVENING EDIT  THE,RRFALL30H,TRR_30_TVC_FALL_HERO,30,Cable,340,0
1/13/20,6:57 PM,Eastern,NMX,National,TBD,RRFALL30H,TRR_30_TVC_FALL_HERO,30,Cable,25.5,0
1/13/20,7:16 PM,Eastern,NMX,National,TBD,RRFALL30H,TRR_30_TVC_FALL_HERO,30,Cable,25.5,0
1/13/20,7:17 PM,Eastern,AMC,National,AMC MOVIE,RRFALL30H,TRR_30_TVC_FALL_HERO,30,Cable,2380,0
1/13/20,7:28 PM,Eastern,CNNE,National,CONCLUSION,RRHISF30H,TRR_30_TVC_FALL_HISPANIC,30,Cable,38.25,0
1/13/20,7:32 PM,Eastern,HEE,National,DESAFIO SOBRE FUEGO,RRHISF30H,TRR_30_TVC_FALL_HISPANIC,30,Cable,29.75,0
1/13/20,8:28 PM,Eastern,CNNA,National,N/A,RRFALL30H,TRR_30_TVC_FALL_HERO,30,Cable,51,0
1/13/20,8:38 PM,Eastern,ACCUW,National,N/A,RRFALL30H,TRR_30_TVC_FALL_HERO,30,Cable,25.5,0
1/13/20,10:24 PM,Eastern,CNNA,National,N/A,RRFALL30H,TRR_30_TVC_FALL_HERO,30,Cable,51,0
1/13/20,10:51 PM,Eastern,OXY,national_local,NCIS,RRFALL30LH,TRR_30_TVC_FALL_HERO,30,Cable,76.5,20
1/13/20,10:52 PM,Eastern,HEE,National,CAZADORES DE TESOROS,RRHISF30H,TRR_30_TVC_FALL_HISPANIC,30,Cable,29.75,0
1/13/20,10:57 PM,Eastern,CNNE,National,PERSPECTIV,RRHISF30H,TRR_30_TVC_FALL_HISPANIC,30,Cable,38.25,0
1/13/20,10:58 PM,Eastern,ADS,national_local,FAMILY GUY,RRFALL30LH,TRR_30_TVC_FALL_HERO,30,Cable,425,20
1/13/20,11:25 PM,Eastern,HEE,National,DESAFIO SOBRE FUEGO,RRHISF30H,TRR_30_TVC_FALL_HISPANIC,30,Cable,29.75,0
1/14/20,12:11 AM,Eastern,CNNE,National,CONCLUSION,RRHISF30H,TRR_30_TVC_FALL_HISPANIC,30,Cable,17,0
1/14/20,12:58 AM,Eastern,FBN,National,KENNEDY,RRFALL30H,TRR_30_TVC_FALL_HERO,30,Cable,76.5,0
1/14/20,1:26 AM,Eastern,HEE,National,DESAFIO SOBRE FUEGO: LA G,RRHISF30H,TRR_30_TVC_FALL_HISPANIC,30,Cable,0,0
1/14/20,2:22 AM,Eastern,WGNA,national_local,HOW I MET YOUR MOTHER,RRFALL30LH,TRR_30_TVC_FALL_HERO,30,Cable,29.75,80
1/14/20,2:29 AM,Eastern,ADS,national_local,BOBS BURGERS,RRFALL30LH,TRR_30_TVC_FALL_HERO,30,Cable,85,20
1/14/20,2:45 AM,Eastern,CNNE,National,CAFE CNN,RRHISF30H,TRR_30_TVC_FALL_HISPANIC,30,Cable,17,0
1/14/20,3:02 AM,Eastern,NGC,National,SOUTHERN JUSTICE,RRFALL30H,TRR_30_TVC_FALL_HERO,30,Cable,85,0
1/14/20,3:16 AM,Eastern,AMC,National,WALKING DEAD,RRFALL30H,TRR_30_TVC_FALL_HERO,30,Cable,170,0
1/14/20,3:41 AM,Eastern,WE,National,CSI MIAMI,RRFALL30H,TRR_30_TVC_FALL_HERO,30,Cable,127.5,0
1/14/20,3:56 AM,Eastern,HEE,National,DESAFIO SOBRE FUEGO,RRHISF30H,TRR_30_TVC_FALL_HISPANIC,30,Cable,0,0
1/14/20,4:09 AM,Eastern,ID,national_local,SEE NO EVIL,RRFALL30LH,TRR_30_TVC_FALL_HERO,30,Cable,55.25,20
1/14/20,4:19 AM,Eastern,NGC,National,SOUTHERN JUSTICE,RRFALL30H,TRR_30_TVC_FALL_HERO,30,Cable,85,0
1/14/20,4:22 AM,Eastern,BRV,national_local,KELLY CLARKSON SHOW,RRFALL30LH,TRR_30_TVC_FALL_HERO,30,Cable,21.25,30
1/14/20,4:37 AM,Eastern,ID,national_local,SEE NO EVIL,RRFALL30LH,TRR_30_TVC_FALL_HERO,30,Cable,55.25,20
1/14/20,4:41 AM,Eastern,AMC,National,WALKING DEAD,RRFALL30H,TRR_30_TVC_FALL_HERO,30,Cable,170,0
1/14/20,4:50 AM,Eastern,NGC,National,SOUTHERN JUSTICE,RRFALL30H,TRR_30_TVC_FALL_HERO,30,Cable,85,0
1/14/20,4:51 AM,Eastern,SUND,National,SUND MOVIE,RRFALL30H,TRR_30_TVC_FALL_HERO,30,Cable,51,0
1/14/20,5:39 AM,Eastern,ID,national_local,BLOOD RELATIVES,RRFALL30LH,TRR_30_TVC_FALL_HERO,30,Cable,55.25,20
1/14/20,5:59 AM,Eastern,BRV,national_local,TBD,RRFALL30LH,TRR_30_TVC_FALL_HERO,30,Cable,21.25,30
1/14/20,6:07 AM,Eastern,CNNA,National,N/A,RRFALL30H,TRR_30_TVC_FALL_HERO,30,Cable,42.5,0
1/14/20,7:49 AM,Eastern,CNNA,National,N/A,RRFALL30H,TRR_30_TVC_FALL_HERO,30,Cable,42.5,0
1/14/20,7:50 AM,Eastern,CNNE,National,CAFE CNN,RRHISF30H,TRR_30_TVC_FALL_HISPANIC,30,Cable,29.75,0
1/14/20,8:16 AM,Eastern,CNNE,National,CAFE CNN,RRHISF30H,TRR_30_TVC_FALL_HISPANIC,30,Cable,29.75,0
1/14/20,8:19 AM,Eastern,OXY,national_local,CHICAGO P.D.,RRFALL30LH,TRR_30_TVC_FALL_HERO,30,Cable,68,20
1/14/20,9:54 AM,Eastern,ACCUW,National,N/A,RRFALL30H,TRR_30_TVC_FALL_HERO,30,Cable,25.5,0
1/14/20,10:11 AM,Eastern,HEE,National,CAZADORES DE TESOROS,RRHISF30H,TRR_30_TVC_FALL_HISPANIC,30,Cable,25.5,0
1/14/20,10:57 AM,Eastern,NMX,National,TBD,RRFALL30H,TRR_30_TVC_FALL_HERO,30,Cable,25.5,0
1/14/20,11:28 AM,Eastern,BLOOM,National,BLOOMBERG MARKETS: EUROPE,RRFALL30H,TRR_30_TVC_FALL_HERO,30,Cable,148.75,0
1/14/20,12:14 PM,Eastern,HEE,National,EL PRECIO DE LA HISTORIA,RRHISF30H,TRR_30_TVC_FALL_HISPANIC,30,Cable,25.5,0
1/14/20,1:19 PM,Eastern,TRU,National,WORLDS DUMBEST,RRFALL30H,TRR_30_TVC_FALL_HERO,30,Cable,318.75,0
1/14/20,1:52 PM,Eastern,OXY,national_local,CHICAGO P.D.,RRFALL30LH,TRR_30_TVC_FALL_HERO,30,Cable,68,20
1/14/20,3:15 PM,Eastern,NMX,National,TBD,RRFALL30H,TRR_30_TVC_FALL_HERO,30,Cable,25.5,0
1/14/20,4:21 PM,Eastern,OXY,national_local,CHICAGO P.D.,RRFALL30LH,TRR_30_TVC_FALL_HERO,30,Cable,68,20
1/14/20,4:23 PM,Eastern,CNNA,National,N/A,RRFALL30H,TRR_30_TVC_FALL_HERO,30,Cable,51,0
1/14/20,5:09 PM,Eastern,ACCUW,National,N/A,RRFALL30H,TRR_30_TVC_FALL_HERO,30,Cable,25.5,0
1/14/20,5:12 PM,Eastern,CNNA,National,N/A,RRFALL30H,TRR_30_TVC_FALL_HERO,30,Cable,51,0
1/14/20,5:22 PM,Eastern,OXY,national_local,CHICAGO P.D.,RRFALL30LH,TRR_30_TVC_FALL_HERO,30,Cable,68,20
1/14/20,5:37 PM,Eastern,HEE,National,EXTRATERRESTRES DE LA ANT,RRHISF30H,TRR_30_TVC_FALL_HISPANIC,30,Cable,29.75,0
1/14/20,5:49 PM,Eastern,NMX,National,TBD,RRFALL30H,TRR_30_TVC_FALL_HERO,30,Cable,25.5,0
1/14/20,6:14 PM,Eastern,NMX,National,TBD,RRFALL30H,TRR_30_TVC_FALL_HERO,30,Cable,25.5,0
1/14/20,6:44 PM,Eastern,ACCUW,National,N/A,RRFALL30H,TRR_30_TVC_FALL_HERO,30,Cable,25.5,0
1/14/20,7:16 PM,Eastern,OXY,national_local,CHICAGO P.D.,RRFALL30LH,TRR_30_TVC_FALL_HERO,30,Cable,76.5,20
1/14/20,7:42 PM,Eastern,NMX,National,TBD,RRFALL30H,TRR_30_TVC_FALL_HERO,30,Cable,25.5,0
1/14/20,8:43 PM,Eastern,ACCUW,National,N/A,RRFALL30H,TRR_30_TVC_FALL_HERO,30,Cable,25.5,0
1/14/20,8:50 PM,Eastern,NMX,National,TBD,RRFALL30H,TRR_30_TVC_FALL_HERO,30,Cable,25.5,0
1/14/20,8:55 PM,Eastern,CNNA,National,N/A,RRFALL30H,TRR_30_TVC_FALL_HERO,30,Cable,51,0
1/14/20,9:26 PM,Eastern,HEE,National,DESAFIO SOBRE FUEGO: LA G,RRHISF30H,TRR_30_TVC_FALL_HISPANIC,30,Cable,29.75,0
1/14/20,9:46 PM,Eastern,NMX,National,TBD,RRFALL30H,TRR_30_TVC_FALL_HERO,30,Cable,25.5,0
1/14/20,10:25 PM,Eastern,ADS,national_local,FAMILY GUY,RRFALL30LH,TRR_30_TVC_FALL_HERO,30,Cable,425,20
1/14/20,10:28 PM,Eastern,CNNA,National,N/A,RRFALL30H,TRR_30_TVC_FALL_HERO,30,Cable,51,0
1/14/20,10:32 PM,Eastern,CNNE,National,DEBATE PRE,RRHISF30H,TRR_30_TVC_FALL_HISPANIC,30,Cable,38.25,0
1/14/20,11:25 PM,Eastern,CNNE,National,DEBATE PRE,RRHISF30H,TRR_30_TVC_FALL_HISPANIC,30,Cable,38.25,0
1/14/20,11:56 PM,Eastern,HEE,National,DESAFIO SOBRE FUEGO,RRHISF30H,TRR_30_TVC_FALL_HISPANIC,30,Cable,29.75,0
1/15/20,12:05 AM,Eastern,BRV,national_local,REAL HSWIVES OF NJ,RRFALL30LH,TRR_30_TVC_FALL_HERO,30,Cable,191.25,30
1/15/20,12:41 AM,Eastern,FBN,National,KENNEDY,RRFALL30H,TRR_30_TVC_FALL_HERO,30,Cable,76.5,0
1/15/20,12:58 AM,Eastern,ADS,national_local,MOMMA NAMED ME SHERIFF,RRFALL30LH,TRR_30_TVC_FALL_HERO,30,Cable,85,20
1/15/20,1:12 AM,Eastern,OXY,national_local,AARON HERNANDEZ UNCOVERED,RRFALL30LH,TRR_30_TVC_FALL_HERO,30,Cable,76.5,20
1/15/20,2:06 AM,Eastern,WE,National,CSI MIAMI,RRFALL30H,TRR_30_TVC_FALL_HERO,30,Cable,127.5,0
1/15/20,2:16 AM,Eastern,AMC,National,WALKING DEAD,RRFALL30H,TRR_30_TVC_FALL_HERO,30,Cable,170,0
1/15/20,2:25 AM,Eastern,WGNA,national_local,HOW I MET YOUR MOTHER,RRFALL30LH,TRR_30_TVC_FALL_HERO,30,Cable,29.75,80
1/15/20,2:31 AM,Eastern,CNNE,National,DEBATE PRE,RRHISF30H,TRR_30_TVC_FALL_HISPANIC,30,Cable,17,0
1/15/20,2:57 AM,Eastern,CNNE,National,CAFE CNN,RRHISF30H,TRR_30_TVC_FALL_HISPANIC,30,Cable,17,0
1/15/20,3:10 AM,Eastern,BRV,national_local,BLIND DATE,RRFALL30LH,TRR_30_TVC_FALL_HERO,30,Cable,21.25,30
1/15/20,3:19 AM,Eastern,WE,National,CSI MIAMI,RRFALL30H,TRR_30_TVC_FALL_HERO,30,Cable,127.5,0
1/15/20,3:25 AM,Eastern,HEE,National,DESAFIO SOBRE FUEGO,RRHISF30H,TRR_30_TVC_FALL_HISPANIC,30,Cable,0,0
1/15/20,3:28 AM,Eastern,ADS,national_local,FAMILY GUY,RRFALL30LH,TRR_30_TVC_FALL_HERO,30,Cable,42.5,20
1/15/20,3:30 AM,Eastern,NGC,National,LOCKED UP ABROAD,RRFALL30H,TRR_30_TVC_FALL_HERO,30,Cable,85,0
1/15/20,3:32 AM,Eastern,SUND,National,CLOSE UP W/HWOOD REPORTER,RRFALL30H,TRR_30_TVC_FALL_HERO,30,Cable,51,0
1/15/20,3:50 AM,Eastern,TBSC,National,2 BROKE GIRLS,RRFALL30H,TRR_30_TVC_FALL_HERO,30,Cable,255,0
1/15/20,3:59 AM,Eastern,ADS,national_local,RICK & MORTY,RRFALL30LH,TRR_30_TVC_FALL_HERO,30,Cable,42.5,20
1/15/20,4:13 AM,Eastern,ID,national_local,MURDER CHOSE ME,RRFALL30LH,TRR_30_TVC_FALL_HERO,30,Cable,55.25,20
1/15/20,4:29 AM,Eastern,AMC,National,WALKING DEAD,RRFALL30H,TRR_30_TVC_FALL_HERO,30,Cable,170,0
1/15/20,4:40 AM,Eastern,TBSC,National,2 BROKE GIRLS,RRFALL30H,TRR_30_TVC_FALL_HERO,30,Cable,255,0
1/15/20,4:41 AM,Eastern,NGC,National,LOCKED UP ABROAD,RRFALL30H,TRR_30_TVC_FALL_HERO,30,Cable,85,0
1/15/20,4:49 AM,Eastern,ID,national_local,MURDER CHOSE ME,RRFALL30LH,TRR_30_TVC_FALL_HERO,30,Cable,55.25,20
1/15/20,4:59 AM,Eastern,ADS,national_local,MIKE TYSON MYSTERIES,RRFALL30LH,TRR_30_TVC_FALL_HERO,30,Cable,42.5,20
1/15/20,5:29 AM,Eastern,ADS,national_local,ROBOT CHICKEN,RRFALL30LH,TRR_30_TVC_FALL_HERO,30,Cable,42.5,20
1/15/20,5:29 AM,Eastern,BRV,national_local,TBD,RRFALL30LH,TRR_30_TVC_FALL_HERO,30,Cable,21.25,30
1/15/20,5:37 AM,Eastern,ID,national_local,CRIME TO REMEMBER  A,RRFALL30LH,TRR_30_TVC_FALL_HERO,30,Cable,55.25,20
1/15/20,6:15 AM,Eastern,CNNE,National,CAFE CNN,RRHISF30H,TRR_30_TVC_FALL_HISPANIC,30,Cable,29.75,0
1/15/20,8:46 AM,Eastern,CNNA,National,N/A,RRFALL30H,TRR_30_TVC_FALL_HERO,30,Cable,42.5,0
1/15/20,9:09 AM,Eastern,ACCUW,National,N/A,RRFALL30H,TRR_30_TVC_FALL_HERO,30,Cable,25.5,0
1/15/20,9:32 AM,Eastern,CNNE,National,CAMILO,RRHISF30H,TRR_30_TVC_FALL_HISPANIC,30,Cable,29.75,0
1/15/20,9:44 AM,Eastern,ACCUW,National,N/A,RRFALL30H,TRR_30_TVC_FALL_HERO,30,Cable,25.5,0
1/15/20,11:53 AM,Eastern,NMX,National,TBD,RRFALL30H,TRR_30_TVC_FALL_HERO,30,Cable,25.5,0
1/15/20,12:54 PM,Eastern,NMX,National,TBD,RRFALL30H,TRR_30_TVC_FALL_HERO,30,Cable,25.5,0
1/15/20,2:12 PM,Eastern,HEE,National,DESAFIO SOBRE FUEGO: LA G,RRHISF30H,TRR_30_TVC_FALL_HISPANIC,30,Cable,25.5,0
1/15/20,2:24 PM,Eastern,BLOOM,National,BLOOMBERG MARKETS: THE CL,RRFALL30H,TRR_30_TVC_FALL_HERO,30,Cable,148.75,0
1/15/20,2:27 PM,Eastern,OXY,national_local,SNAPPED,RRFALL30LH,TRR_30_TVC_FALL_HERO,30,Cable,68,20
1/15/20,2:50 PM,Eastern,BLOOM,National,BLOOMBERG MARKETS: THE CL,RRFALL30H,TRR_30_TVC_FALL_HERO,30,Cable,148.75,0
1/15/20,3:56 PM,Eastern,OXY,national_local,SNAPPED,RRFALL30LH,TRR_30_TVC_FALL_HERO,30,Cable,68,20
1/15/20,4:22 PM,Eastern,CNNA,National,N/A,RRFALL30H,TRR_30_TVC_FALL_HERO,30,Cable,51,0
1/15/20,4:22 PM,Eastern,NMX,National,TBD,RRFALL30H,TRR_30_TVC_FALL_HERO,30,Cable,25.5,0
1/15/20,4:23 PM,Eastern,BLOOM,National,WHAT'D YOU MISS?,RRFALL30H,TRR_30_TVC_FALL_HERO,30,Cable,148.75,0
1/15/20,4:48 PM,Eastern,HEE,National,BATALLA TODO TERRENO,RRHISF30H,TRR_30_TVC_FALL_HISPANIC,30,Cable,29.75,0
1/15/20,4:55 PM,Eastern,OXY,national_local,SNAPPED,RRFALL30LH,TRR_30_TVC_FALL_HERO,30,Cable,68,20
1/15/20,5:26 PM,Eastern,OXY,national_local,SNAPPED,RRFALL30LH,TRR_30_TVC_FALL_HERO,30,Cable,68,20
1/15/20,5:48 PM,Eastern,CNNA,National,N/A,RRFALL30H,TRR_30_TVC_FALL_HERO,30,Cable,51,0
1/15/20,5:49 PM,Eastern,NMX,National,TBD,RRFALL30H,TRR_30_TVC_FALL_HERO,30,Cable,25.5,0
1/15/20,6:07 PM,Eastern,HEE,National,EL PRECIO DE LA HISTORIA,RRHISF30H,TRR_30_TVC_FALL_HISPANIC,30,Cable,29.75,0
1/15/20,6:44 PM,Eastern,HEE,National,EL PRECIO DE LA HISTORIA,RRHISF30H,TRR_30_TVC_FALL_HISPANIC,30,Cable,29.75,0
1/15/20,7:21 PM,Eastern,NMX,National,TBD,RRFALL30H,TRR_30_TVC_FALL_HERO,30,Cable,25.5,0
1/15/20,7:52 PM,Eastern,HEE,National,DESAFIO SOBRE FUEGO,RRHISF30H,TRR_30_TVC_FALL_HISPANIC,30,Cable,29.75,0
1/15/20,8:44 PM,Eastern,CNNA,National,N/A,RRFALL30H,TRR_30_TVC_FALL_HERO,30,Cable,51,0
1/15/20,9:14 PM,Eastern,CNNE,National,CAMILO,RRHISF30H,TRR_30_TVC_FALL_HISPANIC,30,Cable,38.25,0
1/15/20,9:18 PM,Eastern,CNNA,National,N/A,RRFALL30H,TRR_30_TVC_FALL_HERO,30,Cable,51,0
1/15/20,9:47 PM,Eastern,NMX,National,TBD,RRFALL30H,TRR_30_TVC_FALL_HERO,30,Cable,25.5,0
1/15/20,9:53 PM,Eastern,CNNE,National,PERSPECTIV,RRHISF30H,TRR_30_TVC_FALL_HISPANIC,30,Cable,38.25,0
1/15/20,10:14 PM,Eastern,ACCUW,National,N/A,RRFALL30H,TRR_30_TVC_FALL_HERO,30,Cable,25.5,0
1/15/20,10:22 PM,Eastern,AMC,National,BLOCKBUSTER MONTH,RRFALL30H,TRR_30_TVC_FALL_HERO,30,Cable,2380,0
1/15/20,11:25 PM,Eastern,HEE,National,DESAFIO SOBRE FUEGO,RRHISF30H,TRR_30_TVC_FALL_HISPANIC,30,Cable,29.75,0
1/16/20,12:25 AM,Eastern,CNNE,National,DIRECTO US,RRHISF30H,TRR_30_TVC_FALL_HISPANIC,30,Cable,17,0
1/16/20,12:25 AM,Eastern,FBN,National,KENNEDY,RRFALL30H,TRR_30_TVC_FALL_HERO,30,Cable,76.5,0
1/16/20,12:53 AM,Eastern,OXY,national_local,SNAPPED,RRFALL30LH,TRR_30_TVC_FALL_HERO,30,Cable,76.5,20
1/16/20,12:58 AM,Eastern,ADS,national_local,MOMMA NAMED ME SHERIFF,RRFALL30LH,TRR_30_TVC_FALL_HERO,30,Cable,85,20
1/16/20,1:12 AM,Eastern,CNNE,National,CAFE CNN,RRHISF30H,TRR_30_TVC_FALL_HISPANIC,30,Cable,17,0
1/16/20,1:24 AM,Eastern,SUND,National,LAW & ORDER,RRFALL30H,TRR_30_TVC_FALL_HERO,30,Cable,51,0
1/16/20,1:36 AM,Eastern,BRV,national_local,VANDERPUMP RULES,RRFALL30LH,TRR_30_TVC_FALL_HERO,30,Cable,191.25,30
1/16/20,2:14 AM,Eastern,SUND,National,SUND MOVIE,RRFALL30H,TRR_30_TVC_FALL_HERO,30,Cable,51,0
1/16/20,2:19 AM,Eastern,HEE,National,AMOS DEL PANTANO,RRHISF30H,TRR_30_TVC_FALL_HISPANIC,30,Cable,0,0
1/16/20,2:29 AM,Eastern,ADS,national_local,BOBS BURGERS,RRFALL30LH,TRR_30_TVC_FALL_HERO,30,Cable,85,20
1/16/20,2:40 AM,Eastern,WE,National,GROWING UP HIP HOP,RRFALL30H,TRR_30_TVC_FALL_HERO,30,Cable,127.5,0
1/16/20,2:55 AM,Eastern,AMC,National,AMC MOVIE,RRFALL30H,TRR_30_TVC_FALL_HERO,30,Cable,170,0
1/16/20,3:29 AM,Eastern,NGC,National,AIR CRASH INVESTIGATION,RRFALL30H,TRR_30_TVC_FALL_HERO,30,Cable,85,0
1/16/20,3:35 AM,Eastern,HEE,National,DESAFIO SOBRE FUEGO,RRHISF30H,TRR_30_TVC_FALL_HISPANIC,30,Cable,0,0
1/16/20,3:41 AM,Eastern,WE,National,GROWING UP HIP HOP,RRFALL30H,TRR_30_TVC_FALL_HERO,30,Cable,127.5,0
1/16/20,3:51 AM,Eastern,AMC,National,AMC MOVIE,RRFALL30H,TRR_30_TVC_FALL_HERO,30,Cable,170,0
1/16/20,3:56 AM,Eastern,TBSC,National,BROOKLYN NINE-NINE,RRFALL30H,TRR_30_TVC_FALL_HERO,30,Cable,255,0
1/16/20,4:48 AM,Eastern,BRV,national_local,KELLY CLARKSON SHOW,RRFALL30LH,TRR_30_TVC_FALL_HERO,30,Cable,21.25,30
1/16/20,4:48 AM,Eastern,NGC,National,AIR CRASH INVESTIGATION,RRFALL30H,TRR_30_TVC_FALL_HERO,30,Cable,85,0
1/16/20,6:17 AM,Eastern,CNNA,National,N/A,RRFALL30H,TRR_30_TVC_FALL_HERO,30,Cable,42.5,0
1/16/20,6:21 AM,Eastern,OXY,national_local,DATELINE: SECRETS UNCOVRD,RRFALL30LH,TRR_30_TVC_FALL_HERO,30,Cable,29.75,20
1/16/20,7:39 AM,Eastern,CNNE,National,CAFE CNN,RRHISF30H,TRR_30_TVC_FALL_HISPANIC,30,Cable,29.75,0
1/16/20,7:51 AM,Eastern,OXY,national_local,DATELINE: SECRETS UNCOVRD,RRFALL30LH,TRR_30_TVC_FALL_HERO,30,Cable,29.75,20
1/16/20,8:46 AM,Eastern,CNNA,National,N/A,RRFALL30H,TRR_30_TVC_FALL_HERO,30,Cable,42.5,0
1/16/20,9:51 AM,Eastern,CNNE,National,PERSPECTIV,RRHISF30H,TRR_30_TVC_FALL_HISPANIC,30,Cable,29.75,0
1/16/20,10:14 AM,Eastern,ACCUW,National,N/A,RRFALL30H,TRR_30_TVC_FALL_HERO,30,Cable,25.5,0
1/16/20,12:14 PM,Eastern,ACCUW,National,N/A,RRFALL30H,TRR_30_TVC_FALL_HERO,30,Cable,25.5,0
1/16/20,12:14 PM,Eastern,HEE,National,EL PRECIO DE LA HISTORIA,RRHISF30H,TRR_30_TVC_FALL_HISPANIC,30,Cable,25.5,0
1/16/20,12:25 PM,Eastern,TRU,National,IMPRACTICAL JOKERS,RRFALL30H,TRR_30_TVC_FALL_HERO,30,Cable,318.75,0
1/16/20,12:29 PM,Eastern,OXY,national_local,SNAPPED,RRFALL30LH,TRR_30_TVC_FALL_HERO,30,Cable,68,20
1/16/20,1:29 PM,Eastern,OXY,national_local,SNAPPED,RRFALL30LH,TRR_30_TVC_FALL_HERO,30,Cable,68,20
1/16/20,1:43 PM,Eastern,NMX,National,TBD,RRFALL30H,TRR_30_TVC_FALL_HERO,30,Cable,25.5,0
1/16/20,2:27 PM,Eastern,NMX,National,TBD,RRFALL30H,TRR_30_TVC_FALL_HERO,30,Cable,25.5,0
1/16/20,3:38 PM,Eastern,BLOOM,National,BLOOMBERG MARKETS: THE CL,RRFALL30H,TRR_30_TVC_FALL_HERO,30,Cable,148.75,0
1/16/20,4:32 PM,Eastern,NMX,National,TBD,RRFALL30H,TRR_30_TVC_FALL_HERO,30,Cable,25.5,0
1/16/20,4:44 PM,Eastern,FBN,National,AFTER THE BELL,RRFALL30H,TRR_30_TVC_FALL_HERO,30,Cable,340,0
1/16/20,4:57 PM,Eastern,BLOOM,National,WHAT'D YOU MISS?,RRFALL30H,TRR_30_TVC_FALL_HERO,30,Cable,148.75,0
1/16/20,4:57 PM,Eastern,CNNA,National,N/A,RRFALL30H,TRR_30_TVC_FALL_HERO,30,Cable,51,0
1/16/20,5:35 PM,Eastern,HEE,National,EXTRATERRESTRES DE LA ANT,RRHISF30H,TRR_30_TVC_FALL_HISPANIC,30,Cable,29.75,0
1/16/20,6:21 PM,Eastern,NMX,National,TBD,RRFALL30H,TRR_30_TVC_FALL_HERO,30,Cable,25.5,0
1/16/20,6:23 PM,Eastern,HEE,National,EL PRECIO DE LA HISTORIA,RRHISF30H,TRR_30_TVC_FALL_HISPANIC,30,Cable,29.75,0
1/16/20,6:24 PM,Eastern,CNNA,National,N/A,RRFALL30H,TRR_30_TVC_FALL_HERO,30,Cable,51,0
1/16/20,7:36 PM,Eastern,HEE,National,DESAFIO SOBRE FUEGO,RRHISF30H,TRR_30_TVC_FALL_HISPANIC,30,Cable,29.75,0
1/16/20,7:53 PM,Eastern,CNNE,National,DEPORTES C,RRHISF30H,TRR_30_TVC_FALL_HISPANIC,30,Cable,38.25,0
1/16/20,8:51 PM,Eastern,NMX,National,TBD,RRFALL30H,TRR_30_TVC_FALL_HERO,30,Cable,25.5,0
1/16/20,9:14 PM,Eastern,ACCUW,National,N/A,RRFALL30H,TRR_30_TVC_FALL_HERO,30,Cable,25.5,0
1/16/20,9:28 PM,Eastern,ADS,national_local,BOBS BURGERS,RRFALL30LH,TRR_30_TVC_FALL_HERO,30,Cable,425,20
1/16/20,9:34 PM,Eastern,BRV,national_local,PROJECT RUNWAY,RRFALL30LH,TRR_30_TVC_FALL_HERO,30,Cable,191.25,30
1/16/20,10:19 PM,Eastern,HEE,National,AMOS DEL PANTANO,RRHISF30H,TRR_30_TVC_FALL_HISPANIC,30,Cable,29.75,0
1/16/20,11:35 PM,Eastern,HEE,National,DESAFIO SOBRE FUEGO,RRHISF30H,TRR_30_TVC_FALL_HISPANIC,30,Cable,29.75,0
1/16/20,11:39 PM,Eastern,ACCUW,National,N/A,RRFALL30H,TRR_30_TVC_FALL_HERO,30,Cable,25.5,0
1/16/20,11:54 PM,Eastern,CNNE,National,PERSPECTIV,RRHISF30H,TRR_30_TVC_FALL_HISPANIC,30,Cable,38.25,0
1/17/20,12:10 AM,Eastern,CNNE,National,PERSPECTIV,RRHISF30H,TRR_30_TVC_FALL_HISPANIC,30,Cable,17,0
1/17/20,12:19 AM,Eastern,WGNA,national_local,MARRIED WITH CHILDREN,RRFALL30LH,TRR_30_TVC_FALL_HERO,30,Cable,170,80
1/17/20,12:49 AM,Eastern,CNNE,National,PERSPECTIV,RRHISF30H,TRR_30_TVC_FALL_HISPANIC,30,Cable,17,0
1/17/20,12:55 AM,Eastern,FBN,National,LOU DOBBS TONIGHT,RRFALL30H,TRR_30_TVC_FALL_HERO,30,Cable,76.5,0
1/17/20,1:50 AM,Eastern,BRV,national_local,BRAVO MOVIE,RRFALL30LH,TRR_30_TVC_FALL_HERO,30,Cable,191.25,30
1/17/20,1:56 AM,Eastern,FBN,National,TRISH REGAN PRIMETIME,RRFALL30H,TRR_30_TVC_FALL_HERO,30,Cable,76.5,0
1/17/20,2:14 AM,Eastern,WE,National,EXTREME LOVE,RRFALL30H,TRR_30_TVC_FALL_HERO,30,Cable,127.5,0
1/17/20,2:18 AM,Eastern,ENT,national_local,MOVIES WE LOVE,RRFALL30H,TRR_30_TVC_FALL_HERO,30,Cable,170,30
1/17/20,2:25 AM,Eastern,WGNA,national_local,HOW I MET YOUR MOTHER,RRFALL30LH,TRR_30_TVC_FALL_HERO,30,Cable,29.75,80
1/17/20,3:20 AM,Eastern,ENT,national_local,BOTCHED,RRFALL30H,TRR_30_TVC_FALL_HERO,30,Cable,170,30
1/17/20,3:25 AM,Eastern,WE,National,LOVE AFTER LOCKUP,RRFALL30H,TRR_30_TVC_FALL_HERO,30,Cable,127.5,0
1/17/20,3:30 AM,Eastern,HEE,National,DESAFIO SOBRE FUEGO,RRHISF30H,TRR_30_TVC_FALL_HISPANIC,30,Cable,0,0
1/17/20,3:42 AM,Eastern,ENT,national_local,BOTCHED,RRFALL30H,TRR_30_TVC_FALL_HERO,30,Cable,170,30
1/17/20,4:10 AM,Eastern,TRU,National,CARBONARO EFFECT  THE,RRFALL30H,TRR_30_TVC_FALL_HERO,30,Cable,42.5,0
1/17/20,4:12 AM,Eastern,AMC,National,AMC MOVIE,RRFALL30H,TRR_30_TVC_FALL_HERO,30,Cable,170,0
1/17/20,4:19 AM,Eastern,SUND,National,SUND MOVIE,RRFALL30H,TRR_30_TVC_FALL_HERO,30,Cable,51,0
1/17/20,4:25 AM,Eastern,TRU,National,CARBONARO EFFECT  THE,RRFALL30H,TRR_30_TVC_FALL_HERO,30,Cable,42.5,0
1/17/20,4:38 AM,Eastern,NGC,National,LOCKDOWN COMPILATION,RRFALL30H,TRR_30_TVC_FALL_HERO,30,Cable,85,0
1/17/20,4:52 AM,Eastern,TBSC,National,TBS OVERNIGHT MOVIE,RRFALL30H,TRR_30_TVC_FALL_HERO,30,Cable,255,0
1/17/20,4:52 AM,Eastern,TNT,National,NCIS: NEW ORLEANS,RRFALL30H,TRR_30_TVC_FALL_HERO,30,Cable,255,0
1/17/20,4:54 AM,Eastern,AMC,National,AMC MOVIE,RRFALL30H,TRR_30_TVC_FALL_HERO,30,Cable,170,0
1/17/20,4:57 AM,Eastern,TRU,National,CARBONARO EFFECT  THE,RRFALL30H,TRR_30_TVC_FALL_HERO,30,Cable,42.5,0
1/17/20,5:20 AM,Eastern,TRU,National,CARBONARO EFFECT  THE,RRFALL30H,TRR_30_TVC_FALL_HERO,30,Cable,42.5,0
1/17/20,5:28 AM,Eastern,ADS,national_local,BOBS BURGERS,RRFALL30LH,TRR_30_TVC_FALL_HERO,30,Cable,42.5,20
1/17/20,5:39 AM,Eastern,TNT,National,NCIS: NEW ORLEANS,RRFALL30H,TRR_30_TVC_FALL_HERO,30,Cable,255,0
1/17/20,5:39 AM,Eastern,TRU,National,CARBONARO EFFECT  THE,RRFALL30H,TRR_30_TVC_FALL_HERO,30,Cable,42.5,0
1/17/20,5:57 AM,Eastern,ADS,national_local,BOBS BURGERS,RRFALL30LH,TRR_30_TVC_FALL_HERO,30,Cable,42.5,20
1/17/20,6:39 AM,Eastern,CNNE,National,CAFE CNN,RRHISF30H,TRR_30_TVC_FALL_HISPANIC,30,Cable,29.75,0
1/17/20,6:50 AM,Eastern,OXY,national_local,DATELINE: SECRETS UNCOVRD,RRFALL30LH,TRR_30_TVC_FALL_HERO,30,Cable,29.75,20
1/17/20,7:41 AM,Eastern,CNNA,National,N/A,RRFALL30H,TRR_30_TVC_FALL_HERO,30,Cable,42.5,0
1/17/20,8:09 AM,Eastern,OXY,national_local,DATELINE: SECRETS UNCOVRD,RRFALL30LH,TRR_30_TVC_FALL_HERO,30,Cable,68,20
1/17/20,8:14 AM,Eastern,CNNA,National,N/A,RRFALL30H,TRR_30_TVC_FALL_HERO,30,Cable,42.5,0
1/17/20,8:39 AM,Eastern,CNNE,National,CNN DINERO,RRHISF30H,TRR_30_TVC_FALL_HISPANIC,30,Cable,29.75,0
1/17/20,9:09 AM,Eastern,ACCUW,National,N/A,RRFALL30H,TRR_30_TVC_FALL_HERO,30,Cable,25.5,0
1/17/20,9:14 AM,Eastern,OXY,national_local,DATELINE: SECRETS UNCOVRD,RRFALL30LH,TRR_30_TVC_FALL_HERO,30,Cable,68,20
1/17/20,9:43 AM,Eastern,ACCUW,National,N/A,RRFALL30H,TRR_30_TVC_FALL_HERO,30,Cable,25.5,0
1/17/20,11:28 AM,Eastern,NMX,National,TBD,RRFALL30H,TRR_30_TVC_FALL_HERO,30,Cable,25.5,0
1/17/20,11:47 AM,Eastern,HEE,National,EXTRATERRESTRES DE LA ANT,RRHISF30H,TRR_30_TVC_FALL_HISPANIC,30,Cable,25.5,0
1/17/20,12:19 PM,Eastern,TRU,National,WORLDS DUMBEST,RRFALL30H,TRR_30_TVC_FALL_HERO,30,Cable,318.75,0
1/17/20,12:26 PM,Eastern,NMX,National,TBD,RRFALL30H,TRR_30_TVC_FALL_HERO,30,Cable,25.5,0
1/17/20,3:12 PM,Eastern,OXY,national_local,DATELINE: SECRETS UNCOVRD,RRFALL30LH,TRR_30_TVC_FALL_HERO,30,Cable,68,20
1/17/20,4:53 PM,Eastern,BLOOM,National,WHAT'D YOU MISS?,RRFALL30H,TRR_30_TVC_FALL_HERO,30,Cable,148.75,0
1/17/20,4:57 PM,Eastern,NMX,National,TBD,RRFALL30H,TRR_30_TVC_FALL_HERO,30,Cable,25.5,0
1/17/20,5:11 PM,Eastern,OXY,national_local,DATELINE: SECRETS UNCOVRD,RRFALL30LH,TRR_30_TVC_FALL_HERO,30,Cable,68,20
1/17/20,5:26 PM,Eastern,HEE,National,EXTRATERRESTRES DE LA ANT,RRHISF30H,TRR_30_TVC_FALL_HISPANIC,30,Cable,29.75,0
1/17/20,5:32 PM,Eastern,FBN,National,BULLS & BEARS,RRFALL30H,TRR_30_TVC_FALL_HERO,30,Cable,340,0
1/17/20,5:48 PM,Eastern,HEE,National,EXTRATERRESTRES DE LA ANT,RRHISF30H,TRR_30_TVC_FALL_HISPANIC,30,Cable,29.75,0
1/17/20,6:15 PM,Eastern,HEE,National,EL PRECIO DE LA HISTORIA,RRHISF30H,TRR_30_TVC_FALL_HISPANIC,30,Cable,29.75,0
1/17/20,6:35 PM,Eastern,FBN,National,EVENING EDIT  THE,RRFALL30H,TRR_30_TVC_FALL_HERO,30,Cable,340,0
1/17/20,6:44 PM,Eastern,HEE,National,EL PRECIO DE LA HISTORIA,RRHISF30H,TRR_30_TVC_FALL_HISPANIC,30,Cable,29.75,0
1/17/20,7:21 PM,Eastern,HEE,National,DESAFIO SOBRE FUEGO,RRHISF30H,TRR_30_TVC_FALL_HISPANIC,30,Cable,29.75,0
1/17/20,8:22 PM,Eastern,CNNE,National,CONCLUSION,RRHISF30H,TRR_30_TVC_FALL_HISPANIC,30,Cable,38.25,0
1/17/20,8:22 PM,Eastern,NMX,National,TBD,RRFALL30H,TRR_30_TVC_FALL_HERO,30,Cable,25.5,0
1/17/20,8:58 PM,Eastern,ADS,national_local,AMERICAN DAD,RRFALL30LH,TRR_30_TVC_FALL_HERO,30,Cable,425,20
1/17/20,9:08 PM,Eastern,CNNA,National,N/A,RRFALL30H,TRR_30_TVC_FALL_HERO,30,Cable,51,0
1/17/20,9:58 PM,Eastern,ADS,national_local,BOBS BURGERS,RRFALL30LH,TRR_30_TVC_FALL_HERO,30,Cable,425,20
1/17/20,10:44 PM,Eastern,CNNE,National,CONCLUSION,RRHISF30H,TRR_30_TVC_FALL_HISPANIC,30,Cable,38.25,0
1/17/20,10:58 PM,Eastern,FRFM,National,FAMILY GUY,RRFALL30H,TRR_30_TVC_FALL_HERO,30,Cable,2125,0
1/17/20,11:12 PM,Eastern,CNNA,National,N/A,RRFALL30H,TRR_30_TVC_FALL_HERO,30,Cable,51,0
1/17/20,11:29 PM,Eastern,ADS,national_local,RICK & MORTY,RRFALL30LH,TRR_30_TVC_FALL_HERO,30,Cable,425,20
1/17/20,11:30 PM,Eastern,HEE,National,DESAFIO SOBRE FUEGO,RRHISF30H,TRR_30_TVC_FALL_HISPANIC,30,Cable,29.75,0
1/17/20,11:51 PM,Eastern,OXY,national_local,SNAPPED,RRFALL30LH,TRR_30_TVC_FALL_HERO,30,Cable,76.5,20
1/17/20,11:59 PM,Eastern,ACCUW,National,N/A,RRFALL30H,TRR_30_TVC_FALL_HERO,30,Cable,25.5,0
1/18/20,12:10 AM,Eastern,HEE,National,RISE UP - EL MOVIMIENTO Q,RRHISF30H,TRR_30_TVC_FALL_HISPANIC,30,Cable,0,0
1/18/20,12:11 AM,Eastern,BRV,national_local,BRAVO MOVIE,RRFALL30LH,TRR_30_TVC_FALL_HERO,30,Cable,191.25,30
1/18/20,12:20 AM,Eastern,WGNA,national_local,DOG THE BOUNTY HUNTER,RRFALL30LH,TRR_30_TVC_FALL_HERO,30,Cable,170,80
1/18/20,12:23 AM,Eastern,OXY,national_local,CRIMINAL CONFESSIONS,RRFALL30LH,TRR_30_TVC_FALL_HERO,30,Cable,76.5,20
1/18/20,12:29 AM,Eastern,ADS,national_local,SWORD ART:UNDERWORLD,RRFALL30LH,TRR_30_TVC_FALL_HERO,30,Cable,85,20
1/18/20,12:35 AM,Eastern,BRV,national_local,BRAVO MOVIE,RRFALL30LH,TRR_30_TVC_FALL_HERO,30,Cable,191.25,30
1/18/20,12:55 AM,Eastern,FBN,National,WSJ AT LRGE W/GERRY BAKER,RRFALL30H,TRR_30_TVC_FALL_HERO,30,Cable,76.5,0
1/18/20,1:25 AM,Eastern,FBN,National,STRANGE INHERITANCE,RRFALL30H,TRR_30_TVC_FALL_HERO,30,Cable,76.5,0
1/18/20,2:29 AM,Eastern,ADS,national_local,BLACK CLOVER,RRFALL30LH,TRR_30_TVC_FALL_HERO,30,Cable,85,20
1/18/20,3:04 AM,Eastern,ENT,national_local,MOVIES WE LOVE,RRFALL30H,TRR_30_TVC_FALL_HERO,30,Cable,170,30
1/18/20,3:07 AM,Eastern,WE,National,CSI MIAMI,RRFALL30H,TRR_30_TVC_FALL_HERO,30,Cable,127.5,0
1/18/20,3:23 AM,Eastern,HEE,National,LA MALDICION DE LA ISLA,RRHISF30H,TRR_30_TVC_FALL_HISPANIC,30,Cable,0,0
1/18/20,3:23 AM,Eastern,WGNA,national_local,PERSON OF INTEREST,RRFALL30LH,TRR_30_TVC_FALL_HERO,30,Cable,29.75,80
1/18/20,3:31 AM,Eastern,TNT,National,NCIS: NEW ORLEANS,RRFALL30H,TRR_30_TVC_FALL_HERO,30,Cable,255,0
1/18/20,3:45 AM,Eastern,HEE,National,LA MALDICION DE LA ISLA,RRHISF30H,TRR_30_TVC_FALL_HISPANIC,30,Cable,0,0
1/18/20,3:49 AM,Eastern,TBSC,National,2 BROKE GIRLS,RRFALL30H,TRR_30_TVC_FALL_HERO,30,Cable,255,0
1/18/20,3:53 AM,Eastern,SUND,National,SUND MOVIE,RRFALL30H,TRR_30_TVC_FALL_HERO,30,Cable,51,0
1/18/20,3:55 AM,Eastern,WGNA,national_local,PERSON OF INTEREST,RRFALL30LH,TRR_30_TVC_FALL_HERO,30,Cable,29.75,80
1/18/20,4:09 AM,Eastern,TRU,National,COMEDY KNOCKOUT,RRFALL30H,TRR_30_TVC_FALL_HERO,30,Cable,42.5,0
1/18/20,4:30 AM,Eastern,SUND,National,LAW & ORDER,RRFALL30H,TRR_30_TVC_FALL_HERO,30,Cable,51,0
1/18/20,4:38 AM,Eastern,TRU,National,COMEDY KNOCKOUT,RRFALL30H,TRR_30_TVC_FALL_HERO,30,Cable,42.5,0
1/18/20,4:40 AM,Eastern,TNT,National,NCIS: NEW ORLEANS,RRFALL30H,TRR_30_TVC_FALL_HERO,30,Cable,255,0
1/18/20,4:56 AM,Eastern,TRU,National,COMEDY KNOCKOUT,RRFALL30H,TRR_30_TVC_FALL_HERO,30,Cable,42.5,0
1/18/20,5:26 AM,Eastern,TRU,National,ADAM RUINS EVERYTHING,RRFALL30H,TRR_30_TVC_FALL_HERO,30,Cable,42.5,0
1/18/20,5:28 AM,Eastern,ADS,national_local,AQUA TEEN HUNGERFORCE,RRFALL30LH,TRR_30_TVC_FALL_HERO,30,Cable,42.5,20
1/18/20,5:34 AM,Eastern,ID,national_local,FEAR THY NEIGHBOR,RRFALL30LH,TRR_30_TVC_FALL_HERO,30,Cable,55.25,20
1/18/20,5:41 AM,Eastern,TNT,National,NCIS: NEW ORLEANS,RRFALL30H,TRR_30_TVC_FALL_HERO,30,Cable,255,0
1/18/20,5:48 AM,Eastern,TRU,National,ADAM RUINS EVERYTHING,RRFALL30H,TRR_30_TVC_FALL_HERO,30,Cable,42.5,0
1/18/20,6:19 AM,Eastern,OXY,national_local,DATELINE: SECRETS UNCOVER,RRFALL30LH,TRR_30_TVC_FALL_HERO,30,Cable,29.75,20
1/18/20,10:35 AM,Eastern,ID,national_local,SOMEONE THOUGHT YOU KNEW,RRFALL30LH,TRR_30_TVC_FALL_HERO,30,Cable,233.75,20
1/18/20,11:24 AM,Eastern,OXY,national_local,UNEXPECTED KILLER  AN,RRFALL30LH,TRR_30_TVC_FALL_HERO,30,Cable,85,20
1/18/20,11:45 AM,Eastern,NBC,National,VETS SAVING PETS-1,RRFALL30VPH,TRR_30_TVC_FALL_HERO,30,Network,1700,0
1/18/20,12:50 PM,Eastern,NMX,National,TBD,RRFALL30H,TRR_30_TVC_FALL_HERO,30,Cable,25.5,0
1/18/20,1:28 PM,Eastern,OXY,national_local,SNAPPED,RRFALL30LH,TRR_30_TVC_FALL_HERO,30,Cable,85,20
1/18/20,2:54 PM,Eastern,OXY,national_local,SNAPPED,RRFALL30LH,TRR_30_TVC_FALL_HERO,30,Cable,85,20
1/18/20,3:53 PM,Eastern,NMX,National,TBD,RRFALL30H,TRR_30_TVC_FALL_HERO,30,Cable,25.5,0
1/18/20,4:34 PM,Eastern,ID,national_local,SEE NO EVIL,RRFALL30LH,TRR_30_TVC_FALL_HERO,30,Cable,233.75,20
1/18/20,4:50 PM,Eastern,OXY,national_local,SNAPPED,RRFALL30LH,TRR_30_TVC_FALL_HERO,30,Cable,85,20
1/18/20,5:11 PM,Eastern,NMX,National,TBD,RRFALL30H,TRR_30_TVC_FALL_HERO,30,Cable,25.5,0
1/18/20,5:38 PM,Eastern,NMX,National,TBD,RRFALL30H,TRR_30_TVC_FALL_HERO,30,Cable,25.5,0
1/18/20,7:14 PM,Eastern,ACCUW,National,N/A,RRFALL30H,TRR_30_TVC_FALL_HERO,30,Cable,25.5,0
1/18/20,7:44 PM,Eastern,NMX,National,TBD,RRFALL30H,TRR_30_TVC_FALL_HERO,30,Cable,25.5,0
1/18/20,8:10 PM,Eastern,HEE,National,RISE UP - EL MOVIMIENTO Q,RRHISF30H,TRR_30_TVC_FALL_HISPANIC,30,Cable,29.75,0
1/18/20,8:52 PM,Eastern,OXY,national_local,SNAPPED,RRFALL30LH,TRR_30_TVC_FALL_HERO,30,Cable,76.5,20
1/18/20,9:13 PM,Eastern,ID,national_local,SEE NO EVIL,RRFALL30LH,TRR_30_TVC_FALL_HERO,30,Cable,255,20
1/18/20,11:18 PM,Eastern,BRV,national_local,BRAVO MOVIE,RRFALL30LH,TRR_30_TVC_FALL_HERO,30,Cable,191.25,30
1/18/20,11:23 PM,Eastern,ACCUW,National,N/A,RRFALL30H,TRR_30_TVC_FALL_HERO,30,Cable,25.5,0
1/18/20,11:23 PM,Eastern,HEE,National,LA MALDICION DE LA ISLA,RRHISF30H,TRR_30_TVC_FALL_HISPANIC,30,Cable,29.75,0
1/18/20,11:25 PM,Eastern,ID,national_local,IN PURSUIT W/ JOHN WALSH,RRFALL30LH,TRR_30_TVC_FALL_HERO,30,Cable,255,20
1/18/20,11:44 PM,Eastern,HEE,National,LA MALDICION DE LA ISLA,RRHISF30H,TRR_30_TVC_FALL_HISPANIC,30,Cable,29.75,0
1/19/20,12:17 AM,Eastern,WGNA,national_local,MARRIED WITH CHILDREN,RRFALL30LH,TRR_30_TVC_FALL_HERO,30,Cable,170,80
1/19/20,12:40 AM,Eastern,BRV,national_local,BLIND DATE,RRFALL30LH,TRR_30_TVC_FALL_HERO,30,Cable,191.25,30
1/19/20,12:46 AM,Eastern,HEE,National,EL PRECIO DE LA HISTORIA,RRHISF30H,TRR_30_TVC_FALL_HISPANIC,30,Cable,0,0
1/19/20,12:50 AM,Eastern,OXY,national_local,SNAPPED,RRFALL30LH,TRR_30_TVC_FALL_HERO,30,Cable,76.5,20
1/19/20,1:28 AM,Eastern,ADS,national_local,METALOCALYPSE,RRFALL30LH,TRR_30_TVC_FALL_HERO,30,Cable,85,20
1/19/20,1:30 AM,Eastern,HEE,National,EL PRECIO DE LA HISTORIA,RRHISF30H,TRR_30_TVC_FALL_HISPANIC,30,Cable,0,0
1/19/20,1:53 AM,Eastern,HEE,National,EL PRECIO DE LA HISTORIA,RRHISF30H,TRR_30_TVC_FALL_HISPANIC,30,Cable,0,0
1/19/20,1:56 AM,Eastern,ADS,national_local,AMERICAN DAD,RRFALL30LH,TRR_30_TVC_FALL_HERO,30,Cable,85,20
1/19/20,2:23 AM,Eastern,WGNA,national_local,PERSON OF INTEREST,RRFALL30LH,TRR_30_TVC_FALL_HERO,30,Cable,29.75,80
1/19/20,2:47 AM,Eastern,SUND,National,SUND MOVIE,RRFALL30H,TRR_30_TVC_FALL_HERO,30,Cable,51,0
1/19/20,3:05 AM,Eastern,WE,National,CSI MIAMI,RRFALL30H,TRR_30_TVC_FALL_HERO,30,Cable,127.5,0
1/19/20,3:24 AM,Eastern,SUND,National,SUND MOVIE,RRFALL30H,TRR_30_TVC_FALL_HERO,30,Cable,51,0
1/19/20,3:25 AM,Eastern,HEE,National,EL PRECIO DE LA HISTORIA,RRHISF30H,TRR_30_TVC_FALL_HISPANIC,30,Cable,0,0
1/19/20,3:33 AM,Eastern,AMC,National,AMC MOVIE,RRFALL30H,TRR_30_TVC_FALL_HERO,30,Cable,170,0
1/19/20,3:38 AM,Eastern,TNT,National,CHARMED,RRFALL30H,TRR_30_TVC_FALL_HERO,30,Cable,255,0
1/19/20,4:20 AM,Eastern,BRV,national_local,KELLY CLARKSON SHOW,RRFALL30LH,TRR_30_TVC_FALL_HERO,30,Cable,21.25,30
1/19/20,4:45 AM,Eastern,BRV,national_local,KELLY CLARKSON SHOW,RRFALL30LH,TRR_30_TVC_FALL_HERO,30,Cable,21.25,30
1/19/20,4:55 AM,Eastern,WGNA,national_local,PERSON OF INTEREST,RRFALL30LH,TRR_30_TVC_FALL_HERO,30,Cable,29.75,80
1/19/20,4:58 AM,Eastern,ADS,national_local,HOME MOVIES,RRFALL30LH,TRR_30_TVC_FALL_HERO,30,Cable,42.5,20
1/19/20,5:29 AM,Eastern,BRV,national_local,TBD,RRFALL30LH,TRR_30_TVC_FALL_HERO,30,Cable,21.25,30
1/19/20,5:57 AM,Eastern,ADS,national_local,BOBS BURGERS,RRFALL30LH,TRR_30_TVC_FALL_HERO,30,Cable,42.5,20
1/19/20,10:28 AM,Eastern,OXY,national_local,SNAPPED,RRFALL30LH,TRR_30_TVC_FALL_HERO,30,Cable,85,20
1/19/20,10:39 AM,Eastern,NMX,National,TBD,RRFALL30H,TRR_30_TVC_FALL_HERO,30,Cable,25.5,0
1/19/20,11:42 AM,Eastern,NMX,National,TBD,RRFALL30H,TRR_30_TVC_FALL_HERO,30,Cable,25.5,0
1/19/20,12:26 PM,Eastern,OXY,national_local,SNAPPED,RRFALL30LH,TRR_30_TVC_FALL_HERO,30,Cable,85,20
1/19/20,12:34 PM,Eastern,NMX,National,TBD,RRFALL30H,TRR_30_TVC_FALL_HERO,30,Cable,25.5,0
1/19/20,1:32 PM,Eastern,NMX,National,TBD,RRFALL30H,TRR_30_TVC_FALL_HERO,30,Cable,25.5,0
1/19/20,3:55 PM,Eastern,OXY,national_local,SNAPPED,RRFALL30LH,TRR_30_TVC_FALL_HERO,30,Cable,85,20
1/19/20,4:10 PM,Eastern,FRFM,National,SUNDAY MOVIE,RRFALL30H,TRR_30_TVC_FALL_HERO,30,Cable,1870,0
1/19/20,5:55 PM,Eastern,OXY,national_local,SNAPPED,RRFALL30LH,TRR_30_TVC_FALL_HERO,30,Cable,85,20
1/19/20,7:44 PM,Eastern,ACCUW,National,N/A,RRFALL30H,TRR_30_TVC_FALL_HERO,30,Cable,25.5,0
1/19/20,8:41 PM,Eastern,ID,national_local,OBSESSION: DARK DESIRES,RRFALL30LH,TRR_30_TVC_FALL_HERO,30,Cable,255,20
1/19/20,8:46 PM,Eastern,HEE,National,EL PRECIO DE LA HISTORIA,RRHISF30H,TRR_30_TVC_FALL_HISPANIC,30,Cable,29.75,0
1/19/20,9:25 PM,Eastern,OXY,national_local,SNAPPED,RRFALL30LH,TRR_30_TVC_FALL_HERO,30,Cable,76.5,20
1/19/20,9:30 PM,Eastern,HEE,National,EL PRECIO DE LA HISTORIA,RRHISF30H,TRR_30_TVC_FALL_HISPANIC,30,Cable,29.75,0
1/19/20,9:53 PM,Eastern,HEE,National,EL PRECIO DE LA HISTORIA,RRHISF30H,TRR_30_TVC_FALL_HISPANIC,30,Cable,29.75,0
1/19/20,10:22 PM,Eastern,OXY,national_local,MURDERED BY MORNING,RRFALL30LH,TRR_30_TVC_FALL_HERO,30,Cable,76.5,20
1/19/20,11:17 PM,Eastern,FBN,National,LOU DOBBS TONIGHT,RRFALL30H,TRR_30_TVC_FALL_HERO,30,Cable,76.5,0
1/19/20,11:25 PM,Eastern,HEE,National,EL PRECIO DE LA HISTORIA,RRHISF30H,TRR_30_TVC_FALL_HISPANIC,30,Cable,29.75,0
1/19/20,11:25 PM,Eastern,ID,national_local,EVIL LIVES HERE,RRFALL30LH,TRR_30_TVC_FALL_HERO,30,Cable,255,20
1/19/20,11:34 PM,Eastern,NMX,National,TBD,RRFALL30H,TRR_30_TVC_FALL_HERO,30,Cable,25.5,0
1/14/20,12:40 AM,Eastern,WGNA,National,Married,RRFALL30ITNH,TRR_30_TVC_FALL_HERO,30,Cable,346.65,0
1/14/20,1:40 AM,Eastern,WGNA,National,Married,RRFALL30ITNH,TRR_30_TVC_FALL_HERO,30,Cable,757.67,0
1/19/20,11:46 PM,Eastern,FBN,National,LOU DOBBS TONIGHT,RRFALL30H,TRR_30_TVC_FALL_HERO,30,Cable,76.5,0